,Unnamed: 0,Id,Geography,City,Percentage: Public transportation (excluding taxicab),Percentage: Nonfamily household,Married-couple family household with own children ,Percentage: bachelors degree or higher,Population 25 years and over,Median income,Percentage: Renter-occupied housing units,Renter-occupied housing units; MONTHLY HOUSING COSTS AS A PERCENTAGE OF HOUSEHOLD INCOME IN THE PAST 12 MONTHS - 30 percent or more,Median House value (dollars),Dwelling Units: - 3 or 4,Dwelling Units: -5 or more, 3 or more vehicles available,Percentage: Not Hispanic or Latino: - White ,Year,inflation_adj_median_house_value,increase_in_edu_attainment_2015,increase_in_house_value_2015,def_1,increase_in_home_price_distribution_2015,def_2
130,130,53033020100,"Census Tract 201, King County, Washington",Shoreline,9,33,269.0,57.8,2407.0,93235,12,42.6,480700,22,107,275,0.82,2015,,-0.29999999999999716,-81400.0,NotEligibleForGentrification,false,NotCurrentlyGentrifying
131,131,53033020200,"Census Tract 202, King County, Washington",Shoreline,11,34,470.0,51.5,4046.0,72028,29,42.5,395700,25,518,605,0.75,2015,,-5.699999999999999,-76200.0,NotEligibleForGentrification,false,NotCurrentlyGentrifying
132,132,53033020300,"Census Tract 203, King County, Washington",Shoreline,18,48,425.0,38.0,3929.0,58182,59,36.4,310900,21,1472,439,0.63,2015,,-3.1999999999999957,-37800.0,NotEligibleForGentrification,false,NotCurrentlyGentrifying
133,133,53033020401,"Census Tract 204.01, King County, Washington",Shoreline,11,44,291.0,36.8,2565.0,61330,37,34.5,298200,182,230,281,0.72,2015,,0.6000000000000014,-124900.0,NotEligibleForGentrification,false,NotCurrentlyGentrifying
134,134,53033020402,"Census Tract 204.02, King County, Washington",Lake Forest Park,13,28,515.0,39.4,3844.0,71758,27,31.4,341300,154,378,357,0.75,2015,,5.5,-78400.0,NotEligibleForGentrification,false,NotCurrentlyGentrifying
135,135,53033020500,"Census Tract 205, King County, Washington",Shoreline,13,38,526.0,43.7,4516.0,66786,38,26.3,287300,122,688,488,0.65,2015,,-6.900000000000002,25500.0,NotEligibleForGentrification,false,NotCurrentlyGentrifying
136,136,53033020600,"Census Tract 206, King County, Washington",Shoreline,14,34,294.0,32.3,2502.0,72500,25,29.2,328300,0,71,343,0.59,2015,,3.8999999999999986,-108700.0,NotEligibleForGentrification,false,NotCurrentlyGentrifying
137,137,53033020700,"Census Tract 207, King County, Washington",Shoreline,20,42,204.0,31.1,2591.0,56141,52,26.3,295300,82,527,237,0.61,2015,,-3.6999999999999993,-3800.0,NotEligibleForGentrification,false,NotCurrentlyGentrifying
138,138,53033020800,"Census Tract 208, King County, Washington",Shoreline,12,33,397.0,60.5,3065.0,82344,24,28.4,416700,0,352,463,0.82,2015,,-5.499999999999998,1100.0,NotEligibleForGentrification,false,NotCurrentlyGentrifying
139,139,53033020900,"Census Tract 209, King County, Washington",Shoreline,15,41,261.0,50.8,2382.0,63819,32,22.0,377500,7,431,380,0.76,2015,,-3.0,12200.0,NotEligibleForGentrification,true,HaveGentrified
140,140,53033021000,"Census Tract 210, King County, Washington",Shoreline,12,33,372.0,36.0,3824.0,74048,31,27.3,343300,51,252,468,0.59,2015,,2.9000000000000057,-158000.0,NotEligibleForGentrification,false,NotCurrentlyGentrifying
141,141,53033021100,"Census Tract 211, King County, Washington",Shoreline,15,42,282.0,32.4,2783.0,70137,45,24.9,295500,0,357,322,0.55,2015,,0.10000000000000142,700.0,NotEligibleForGentrification,false,NotCurrentlyGentrifying
142,142,53033021300,"Census Tract 213, King County, Washington",Lake Forest Park,11,48,285.0,57.3,2818.0,67438,44,28.4,457700,108,536,267,0.73,2015,,-1.0,-84800.0,NotEligibleForGentrification,false,NotCurrentlyGentrifying
143,143,53033021400,"Census Tract 214, King County, Washington",Lake Forest Park,12,25,295.0,53.8,2735.0,99861,15,37.0,421900,0,0,492,0.83,2015,,2.8999999999999986,-42400.0,NotEligibleForGentrification,false,NotCurrentlyGentrifying
144,144,53033021500,"Census Tract 215, King County, Washington",Lake Forest Park,9,21,403.0,59.9,3239.0,108750,13,54.8,455900,0,51,443,0.84,2015,,8.100000000000001,1500.0,HaveGentrified,false,NotCurrentlyGentrifying
145,145,53033021600,"Census Tract 216, King County, Washington",Kenmore,6,27,417.0,46.6,3296.0,96066,28,42.1,395600,171,235,385,0.76,2015,,-6.399999999999999,-76800.0,NotEligibleForGentrification,false,NotCurrentlyGentrifying
146,146,53033021700,"Census Tract 217, King County, Washington",Kenmore,11,38,976.0,45.5,4862.0,73456,41,30.3,368100,84,1477,608,0.65,2015,,0.10000000000000142,-115800.0,NotEligibleForGentrification,false,NotCurrentlyGentrifying
147,147,53033021802,"Census Tract 218.02, King County, Washington",Bothell,5,36,667.0,50.4,3528.0,87922,38,40.4,385100,0,561,364,0.73,2015,,-3.8000000000000007,-71900.0,NotEligibleForGentrification,false,NotCurrentlyGentrifying
148,148,53033021803,"Census Tract 218.03, King County, Washington",Bothell,8,34,412.0,44.9,2969.0,74856,40,20.4,381700,117,720,402,0.75,2015,,3.1000000000000014,17200.0,NotEligibleForGentrification,false,NotCurrentlyGentrifying
149,149,53033021804,"Census Tract 218.04, King County, Washington",Bothell,6,33,483.0,40.8,2872.0,72422,35,43.3,379600,35,529,454,0.72,2015,,0.09999999999999964,121700.0,NotEligibleForGentrification,true,HaveGentrified
151,151,53033021904,"Census Tract 219.04, King County, Washington",Kingsgate,9,26,513.0,43.2,3464.0,89615,33,26.9,401200,55,410,414,0.59,2015,,4.600000000000001,-47200.0,NotEligibleForGentrification,false,NotCurrentlyGentrifying
152,152,53033021905,"Census Tract 219.05, King County, Washington",Kingsgate,10,30,387.0,50.1,3565.0,92614,16,37.1,289300,191,552,420,0.71,2015,,-2.0,37900.0,NotEligibleForGentrification,false,NotCurrentlyGentrifying
153,153,53033021906,"Census Tract 219.06, King County, Washington",Woodinville,5,31,472.0,48.6,2737.0,81250,26,42.8,358800,47,527,263,0.73,2015,,0.10000000000000142,-62500.0,NotEligibleForGentrification,false,NotCurrentlyGentrifying
154,154,53033022001,"Census Tract 220.01, King County, Washington",Kenmore,3,40,420.0,46.8,3295.0,70591,46,44.6,391300,53,903,389,0.77,2015,,3.599999999999998,-35700.0,NotEligibleForGentrification,false,NotCurrentlyGentrifying
155,155,53033022003,"Census Tract 220.03, King County, Washington",Inglewood Finn Hil,10,36,490.0,42.4,3693.0,75662,31,40.6,357900,89,286,454,0.74,2015,,0.8999999999999986,-39000.0,NotEligibleForGentrification,false,NotCurrentlyGentrifying
160,160,53033022201,"Census Tract 222.01, King County, Washington",Inglewood Finn Hil,13,33,422.0,42.4,2902.0,78409,32,33.0,354200,108,289,433,0.83,2015,,-10.600000000000001,-221400.0,NotEligibleForGentrification,false,NotCurrentlyGentrifying
161,161,53033022202,"Census Tract 222.02, King County, Washington",Inglewood Finn Hil,9,38,698.0,53.7,5500.0,82009,45,26.5,352500,82,1507,645,0.72,2015,,-3.0,21800.0,NotEligibleForGentrification,false,NotCurrentlyGentrifying
162,162,53033022203,"Census Tract 222.03, King County, Washington",Inglewood Finn Hil,8,23,539.0,59.7,3474.0,121759,20,28.3,503100,55,211,631,0.81,2015,,0.5999999999999979,53000.0,NotEligibleForGentrification,false,NotCurrentlyGentrifying
163,163,53033022300,"Census Tract 223, King County, Washington",Inglewood Finn Hil,7,17,276.0,72.6,2065.0,113958,3,26.9,625900,0,0,287,0.8,2015,,-2.5,-67400.0,NotEligibleForGentrification,false,NotCurrentlyGentrifying
173,173,53033022801,"Census Tract 228.01, King County, Washington",Beaux Art Village,18,41,997.0,76.7,6367.0,88160,64,18.1,576100,407,2461,380,0.37,2015,,-1.6999999999999993,-41500.0,NotEligibleForGentrification,false,NotCurrentlyGentrifying
176,176,53033022901,"Census Tract 229.01, King County, Washington",Beaux Art Village,8,21,265.0,63.4,2362.0,123000,20,5.4,488000,0,0,232,0.66,2015,,3.1000000000000014,173000.0,NotEligibleForGentrification,true,HaveGentrified
177,177,53033022902,"Census Tract 229.02, King County, Washington",Beaux Art Village,3,25,772.0,73.0,4345.0,120731,31,16.3,589700,133,653,528,0.65,2015,,-3.8000000000000007,-115100.0,NotEligibleForGentrification,false,NotCurrentlyGentrifying
178,178,53033023000,"Census Tract 230, King County, Washington",Beaux Art Village,9,21,517.0,56.5,3709.0,104013,10,36.2,533200,0,11,483,0.72,2015,,10.200000000000003,-78300.0,NotEligibleForGentrification,false,NotCurrentlyGentrifying
179,179,53033023100,"Census Tract 231, King County, Washington",Beaux Art Village,11,25,435.0,56.5,2732.0,92283,25,38.1,537600,62,56,312,0.61,2015,,-2.799999999999997,-95600.0,NotEligibleForGentrification,false,NotCurrentlyGentrifying
180,180,53033023201,"Census Tract 232.01, King County, Washington",Beaux Art Village,29,41,778.0,72.0,4214.0,78119,70,26.1,391900,86,1947,200,0.33,2015,,0.5,103500.0,NotEligibleForGentrification,true,HaveGentrified
181,181,53033023202,"Census Tract 232.02, King County, Washington",Beaux Art Village,13,48,418.0,39.7,2861.0,46719,70,38.0,350000,227,1146,156,0.36,2015,,2.1000000000000014,-129900.0,NotEligibleForGentrification,false,NotCurrentlyGentrifying
182,182,53033023300,"Census Tract 233, King County, Washington",Beaux Art Village,12,29,477.0,49.2,4149.0,76500,23,41.0,403900,85,134,684,0.74,2015,,0.09999999999999787,-56600.0,NotEligibleForGentrification,false,NotCurrentlyGentrifying
183,183,53033023401,"Census Tract 234.01, King County, Washington",Beaux Art Village,9,39,319.0,64.0,2298.0,71269,44,15.4,398100,60,440,220,0.5,2015,,-2.5999999999999996,74600.0,NotEligibleForGentrification,true,HaveGentrified
184,184,53033023403,"Census Tract 234.03, King County, Washington",Beaux Art Village,9,28,404.0,58.8,2877.0,93387,24,21.1,546400,8,272,360,0.67,2015,,2.6000000000000014,-66600.0,NotEligibleForGentrification,false,NotCurrentlyGentrifying
185,185,53033023404,"Census Tract 234.04, King County, Washington",Bellevue,6,18,412.0,74.1,2231.0,146875,13,10.3,560700,7,196,435,0.79,2015,,-0.8000000000000007,-2900.0,NotEligibleForGentrification,true,HaveGentrified
186,186,53033023500,"Census Tract 235, King County, Washington",Beaux Art Village,6,30,445.0,62.8,2543.0,110568,22,25.2,591600,136,196,294,0.62,2015,,7.599999999999998,-71000.0,NotEligibleForGentrification,false,NotCurrentlyGentrifying
187,187,53033023601,"Census Tract 236.01, King County, Washington",Beaux Art Village,11,40,301.0,64.9,2575.0,78155,47,33.0,461000,70,816,135,0.52,2015,,2.3000000000000007,-42500.0,NotEligibleForGentrification,false,NotCurrentlyGentrifying
188,188,53033023603,"Census Tract 236.03, King County, Washington",Beaux Art Village,20,34,566.0,59.8,3934.0,87236,73,11.4,554400,570,1263,290,0.4,2015,,-0.30000000000000426,54500.0,NotEligibleForGentrification,true,HaveGentrified
189,189,53033023604,"Census Tract 236.04, King County, Washington",Beaux Art Village,17,41,471.0,50.2,4003.0,72383,60,31.5,463700,449,1193,409,0.43,2015,,-4.199999999999999,-125000.0,NotEligibleForGentrification,false,NotCurrentlyGentrifying
190,190,53033023700,"Census Tract 237, King County, Washington",Beaux Art Village,11,32,448.0,71.3,2713.0,96268,34,26.5,661400,88,515,247,0.68,2015,,-6.0,-78200.0,NotEligibleForGentrification,false,NotCurrentlyGentrifying
191,191,53033023801,"Census Tract 238.01, King County, Washington",Beaux Art Village,8,50,201.0,66.4,2053.0,97674,52,26.8,542800,147,546,99,0.57,2015,,-7.400000000000002,-30200.0,NotEligibleForGentrification,false,NotCurrentlyGentrifying
192,192,53033023803,"Census Tract 238.03, King County, Washington",Beaux Art Village,13,58,311.0,76.1,1870.0,96975,90,26.3,383100,18,3390,17,0.53,2015,,-0.10000000000000142,-43400.0,NotEligibleForGentrification,false,NotCurrentlyGentrifying
193,193,53033023804,"Census Tract 238.04, King County, Washington",Beaux Art Village,7,63,242.0,69.8,2428.0,89479,73,27.8,441900,0,4409,81,0.56,2015,,-0.09999999999999787,3100.0,NotEligibleForGentrification,true,HaveGentrified
194,194,53033023900,"Census Tract 239, King County, Washington",Beaux Art Village,12,34,731.0,67.5,4801.0,117308,32,24.1,857500,97,745,522,0.73,2015,,3.4000000000000057,-55500.0,NotEligibleForGentrification,false,NotCurrentlyGentrifying
195,195,53033024000,"Census Tract 240, King County, Washington",Beaux Art Village,9,43,798.0,72.0,4995.0,107479,44,29.4,807500,197,1203,541,0.6,2015,,4.900000000000002,23100.0,HaveGentrified,true,HaveGentrified
196,196,53033024100,"Census Tract 241, King County, Washington",Clyde Hill,5,13,645.0,77.3,2751.0,189231,8,35.7,1527900,0,0,693,0.79,2015,,-1.5,-70300.0,NotEligibleForGentrification,false,NotCurrentlyGentrifying
197,197,53033024200,"Census Tract 242, King County, Washington",Beaux Art Village,4,17,422.0,82.2,1908.0,175625,8,40.7,1555600,0,0,435,0.74,2015,,9.899999999999999,-184100.0,NotEligibleForGentrification,false,NotCurrentlyGentrifying
198,198,53033024300,"Census Tract 243, King County, Washington",Beaux Art Village,9,42,717.0,74.0,4900.0,103178,41,19.0,768200,72,1984,545,0.71,2015,,8.199999999999996,-75100.0,NotEligibleForGentrification,false,NotCurrentlyGentrifying
199,199,53033024400,"Census Tract 244, King County, Washington",Beaux Art Village,11,48,205.0,69.5,2278.0,69583,65,37.9,738100,9,974,155,0.73,2015,,-1.5,12800.0,NotEligibleForGentrification,true,HaveGentrified
200,200,53033024500,"Census Tract 245, King County, Washington",Beaux Art Village,6,12,627.0,79.7,3321.0,167361,14,20.7,921000,9,0,481,0.74,2015,,1.7999999999999972,50700.0,NotEligibleForGentrification,false,NotCurrentlyGentrifying
201,201,53033024601,"Census Tract 246.01, King County, Washington",Beaux Art Village,4,12,555.0,81.8,3061.0,175132,4,0.0,945800,0,10,542,0.78,2015,,5.599999999999998,-38800.0,NotEligibleForGentrification,false,NotCurrentlyGentrifying
202,202,53033024602,"Census Tract 246.02, King County, Washington",Beaux Art Village,5,10,553.0,81.2,2476.0,195156,2,0.0,976400,0,0,448,0.79,2015,,0.49999999999999645,-314300.0,NotEligibleForGentrification,false,NotCurrentlyGentrifying
203,203,53033024701,"Census Tract 247.01, King County, Washington",Beaux Art Village,9,29,458.0,55.4,2313.0,83712,33,30.6,448200,81,304,267,0.59,2015,,8.8,29000.0,HaveGentrified,false,NotCurrentlyGentrifying
204,204,53033024702,"Census Tract 247.02, King County, Washington",Newcastle,6,25,654.0,56.0,4842.0,106941,20,28.8,472500,56,384,826,0.64,2015,,2.1000000000000014,-39900.0,NotEligibleForGentrification,false,NotCurrentlyGentrifying
205,205,53033024800,"Census Tract 248, King County, Washington",Beaux Art Village,10,38,517.0,41.6,3925.0,68042,45,39.5,373300,188,766,428,0.45,2015,,6.699999999999999,-174300.0,NotEligibleForGentrification,false,NotCurrentlyGentrifying
206,206,53033024901,"Census Tract 249.01, King County, Washington",Beaux Art Village,8,12,660.0,69.2,3652.0,135625,7,34.6,744000,0,49,508,0.48,2015,,-6.4999999999999964,-11800.0,NotEligibleForGentrification,false,NotCurrentlyGentrifying
207,207,53033024902,"Census Tract 249.02, King County, Washington",Beaux Art Village,5,25,452.0,68.9,2732.0,102616,20,45.1,610100,7,91,318,0.59,2015,,-8.299999999999997,-62700.0,NotEligibleForGentrification,false,NotCurrentlyGentrifying
208,208,53033024903,"Census Tract 249.03, King County, Washington",Bellevue,8,8,825.0,73.3,4316.0,152458,9,36.2,698700,30,20,779,0.53,2015,,-11.899999999999999,116800.0,NotEligibleForGentrification,false,NotCurrentlyGentrifying
209,209,53033025001,"Census Tract 250.01, King County, Washington",Newcastle,7,26,533.0,56.1,3297.0,110114,17,32.1,485500,10,185,460,0.68,2015,,7.699999999999996,-98000.0,NotEligibleForGentrification,false,NotCurrentlyGentrifying
210,210,53033025003,"Census Tract 250.03, King County, Washington",Beaux Art Village,6,20,759.0,63.9,4881.0,126089,30,21.5,786000,92,807,765,0.62,2015,,7.0,154100.0,HaveGentrified,false,NotCurrentlyGentrifying
211,211,53033025005,"Census Tract 250.05, King County, Washington",Newcastle,4,33,525.0,62.0,3005.0,103229,29,30.5,648200,22,784,420,0.53,2015,,17.699999999999996,194800.0,HaveGentrified,false,NotCurrentlyGentrifying
212,212,53033025006,"Census Tract 250.06, King County, Washington",Bellevue,4,22,714.0,71.8,3210.0,148750,28,35.3,610200,39,604,448,0.61,2015,,9.900000000000006,-153200.0,NotEligibleForGentrification,false,NotCurrentlyGentrifying
213,213,53033025101,"Census Tract 251.01, King County, Washington",Renton,2,32,632.0,47.0,3674.0,81676,33,23.1,382400,147,471,546,0.58,2015,,-2.4000000000000057,-39300.0,NotEligibleForGentrification,false,NotCurrentlyGentrifying
214,214,53033025102,"Census Tract 251.02, King County, Washington",Renton,5,23,957.0,46.7,4493.0,104469,28,25.9,379300,52,476,584,0.49,2015,,0.5999999999999943,-191300.0,NotEligibleForGentrification,false,NotCurrentlyGentrifying
215,215,53033025200,"Census Tract 252, King County, Washington",Renton,6,33,678.0,35.0,5435.0,75109,35,16.1,313200,256,417,752,0.57,2015,,5.700000000000003,-1600.0,HaveGentrified,false,NotCurrentlyGentrifying
216,216,53033025301,"Census Tract 253.01, King County, Washington",Renton,4,53,366.0,39.7,3064.0,77278,65,35.3,416200,0,1602,625,0.69,2015,,-3.500000000000007,-136800.0,NotEligibleForGentrification,false,NotCurrentlyGentrifying
217,217,53033025302,"Census Tract 253.02, King County, Washington",Renton,22,67,194.0,29.2,3423.0,34471,89,24.9,170700,279,1896,138,0.45,2015,,5.0,-121600.0,EligibleForGentrification,false,NotCurrentlyGentrifying
218,218,53033025400,"Census Tract 254, King County, Washington",Renton,12,49,517.0,21.1,4207.0,47773,71,35.1,231100,188,1574,336,0.4,2015,,8.200000000000003,-77600.0,EligibleForGentrification,false,NotCurrentlyGentrifying
219,219,53033025500,"Census Tract 255, King County, Washington",Renton,6,45,334.0,27.0,3216.0,57246,58,33.8,247100,132,714,399,0.47,2015,,2.299999999999997,20000.0,EligibleForGentrification,false,NotCurrentlyGentrifying
220,220,53033025601,"Census Tract 256.01, King County, Washington",Renton,7,41,407.0,31.4,3370.0,60833,36,27.8,318100,11,469,339,0.43,2015,,4.5,-1000.0,HaveGentrified,false,NotCurrentlyGentrifying
221,221,53033025602,"Census Tract 256.02, King County, Washington",Renton,4,21,688.0,43.4,3673.0,105446,6,25.1,365500,0,11,598,0.53,2015,,12.7,48300.0,HaveGentrified,false,NotCurrentlyGentrifying
222,222,53033025701,"Census Tract 257.01, King County, Washington",Renton,5,49,485.0,34.6,3905.0,47219,65,29.9,213300,237,1793,336,0.56,2015,,3.1999999999999957,-161400.0,EligibleForGentrification,false,NotCurrentlyGentrifying
223,223,53033025702,"Census Tract 257.02, King County, Washington",Renton,3,21,275.0,33.6,2252.0,85758,24,30.7,286000,0,126,546,0.55,2015,,4.0,-79100.0,NotEligibleForGentrification,false,NotCurrentlyGentrifying
224,224,53033025803,"Census Tract 258.03, King County, Washington",Renton,7,40,453.0,22.3,2654.0,50750,49,54.2,201600,16,862,339,0.39,2015,,6.300000000000004,32000.0,EligibleForGentrification,true,HaveGentrified
225,225,53033025804,"Census Tract 258.04, King County, Washington",Renton,6,21,345.0,31.0,2469.0,71225,14,39.7,253100,36,0,405,0.52,2015,,1.3000000000000043,-30600.0,NotEligibleForGentrification,false,NotCurrentlyGentrifying
226,226,53033025805,"Census Tract 258.05, King County, Washington",Renton,8,31,451.0,18.8,2601.0,58309,47,52.4,184400,42,892,413,0.37,2015,,,,EligibleForGentrification,,NotCurrentlyGentrifying
227,227,53033025806,"Census Tract 258.06, King County, Washington",Renton,10,27,397.0,37.9,3098.0,77821,45,38.4,305100,55,496,449,0.33,2015,,,,NotEligibleForGentrification,,NotCurrentlyGentrifying
228,228,53033026001,"Census Tract 260.01, King County, Washington",Bryn Mawr Skyway,7,23,385.0,41.3,3640.0,73750,24,36.6,324700,21,0,633,0.34,2015,,,,NotEligibleForGentrification,,NotCurrentlyGentrifying
229,229,53033026002,"Census Tract 260.02, King County, Washington",Renton,11,33,460.0,26.5,4356.0,51154,54,37.1,282500,95,1553,581,0.26,2015,,,,EligibleForGentrification,,NotCurrentlyGentrifying
230,230,53033026100,"Census Tract 261, King County, Washington",Bryn Mawr Skyway,6,42,337.0,10.6,3971.0,46826,55,28.1,227400,283,863,351,0.23,2015,,,,EligibleForGentrification,,NotCurrentlyGentrifying
231,231,53033026200,"Census Tract 262, King County, Washington",Renton,7,48,465.0,29.0,3605.0,46535,69,26.4,251900,191,1491,223,0.43,2015,,,,EligibleForGentrification,,NotCurrentlyGentrifying
232,232,53033026300,"Census Tract 263, King County, Washington",Tukwila,8,38,153.0,15.6,988.0,55110,34,41.8,246800,36,79,129,0.31,2015,,,,EligibleForGentrification,,NotCurrentlyGentrifying
233,233,53033026400,"Census Tract 264, King County, Washington",Boulevard Park,9,47,382.0,15.0,4563.0,43487,58,24.9,216300,114,1230,338,0.36,2015,,,,EligibleForGentrification,,NotCurrentlyGentrifying
234,234,53033026500,"Census Tract 265, King County, Washington",Burien,19,31,188.0,13.3,1941.0,29107,65,19.0,224800,253,368,193,0.27,2015,,,,EligibleForGentrification,,CurrentlyGentrifying
235,235,53033026600,"Census Tract 266, King County, Washington",Burien,7,25,281.0,23.4,1580.0,63799,33,59.0,266000,42,74,291,0.38,2015,,,,EligibleForGentrification,,NotCurrentlyGentrifying
236,236,53033026700,"Census Tract 267, King County, Washington",Burien,15,31,395.0,33.8,3903.0,65660,30,24.0,334500,81,388,364,0.6,2015,,,,NotEligibleForGentrification,,NotCurrentlyGentrifying
237,237,53033026801,"Census Tract 268.01, King County, Washington",Burien,17,45,276.0,17.3,2895.0,36505,60,34.6,227000,83,975,442,0.27,2015,,,,EligibleForGentrification,,NotCurrentlyGentrifying
238,238,53033026802,"Census Tract 268.02, King County, Washington",Burien,9,29,418.0,15.2,3319.0,41875,50,35.8,253700,224,399,365,0.33,2015,,,,EligibleForGentrification,,NotCurrentlyGentrifying
239,239,53033027000,"Census Tract 270, King County, Washington",Riverton,7,30,237.0,20.5,2015.0,59417,28,28.4,228100,21,63,435,0.47,2015,,,,EligibleForGentrification,,NotCurrentlyGentrifying
240,240,53033027100,"Census Tract 271, King County, Washington",Riverton,13,42,199.0,16.3,2378.0,46250,64,38.7,254100,73,449,224,0.43,2015,,,,EligibleForGentrification,,NotCurrentlyGentrifying
241,241,53033027200,"Census Tract 272, King County, Washington",Tukwila,6,34,133.0,21.9,1457.0,50083,42,19.5,238100,27,124,183,0.33,2015,,,,EligibleForGentrification,,NotCurrentlyGentrifying
242,242,53033027300,"Census Tract 273, King County, Washington",SeaTac,18,28,514.0,18.9,3699.0,49023,52,34.0,215600,124,576,455,0.3,2015,,,,EligibleForGentrification,,NotCurrentlyGentrifying
243,243,53033027400,"Census Tract 274, King County, Washington",Burien,5,37,351.0,19.0,3280.0,60536,30,34.4,236200,24,152,615,0.51,2015,,,,EligibleForGentrification,,NotCurrentlyGentrifying
244,244,53033027500,"Census Tract 275, King County, Washington",Burien,7,40,310.0,18.7,3259.0,56406,42,33.2,229900,54,376,364,0.49,2015,,,,EligibleForGentrification,,NotCurrentlyGentrifying
245,245,53033027600,"Census Tract 276, King County, Washington",Burien,12,27,323.0,29.9,2839.0,51944,52,57.6,410200,153,769,327,0.4,2015,,,,NotEligibleForGentrification,,NotCurrentlyGentrifying
246,246,53033027701,"Census Tract 277.01, King County, Washington",Vashon,21,41,423.0,55.9,3826.0,64007,31,25.4,403400,68,323,658,0.91,2015,,,,NotEligibleForGentrification,,NotCurrentlyGentrifying
247,247,53033027702,"Census Tract 277.02, King County, Washington",Burien,19,39,276.0,54.7,3829.0,81757,14,61.2,379500,0,25,549,0.93,2015,,,,NotEligibleForGentrification,,NotCurrentlyGentrifying
248,248,53033027800,"Census Tract 278, King County, Washington",Burien,4,30,230.0,50.7,2540.0,89185,10,26.9,409700,0,77,427,0.89,2015,,,,NotEligibleForGentrification,,NotCurrentlyGentrifying
249,249,53033027900,"Census Tract 279, King County, Washington",Burien,8,47,514.0,27.3,4446.0,52425,53,8.6,279200,242,1048,423,0.68,2015,,,,EligibleForGentrification,,NotCurrentlyGentrifying
250,250,53033028000,"Census Tract 280, King County, Washington",Burien,10,35,241.0,10.1,2469.0,44127,85,23.5,204700,10,1321,110,0.36,2015,,,,EligibleForGentrification,,NotCurrentlyGentrifying
251,251,53033028100,"Census Tract 281, King County, Washington",Seatac,14,41,169.0,13.0,1372.0,45845,66,20.5,240800,33,388,176,0.22,2015,,,,EligibleForGentrification,,NotCurrentlyGentrifying
252,252,53033028200,"Census Tract 282, King County, Washington",Tukwila,19,50,271.0,17.7,2527.0,41386,68,23.7,234200,108,1145,334,0.25,2015,,,,EligibleForGentrification,,NotCurrentlyGentrifying
253,253,53033028300,"Census Tract 283, King County, Washington",Tukwila,11,40,342.0,33.7,2868.0,78915,22,27.1,261300,49,340,617,0.48,2015,,,,NotEligibleForGentrification,,NotCurrentlyGentrifying
254,254,53033028402,"Census Tract 284.02, King County, Washington",SeaTac,11,35,438.0,15.1,3026.0,39756,56,40.3,235100,18,869,332,0.29,2015,,,,EligibleForGentrification,,NotCurrentlyGentrifying
255,255,53033028403,"Census Tract 284.03, King County, Washington",SeaTac,19,50,405.0,12.3,3693.0,31356,59,43.0,138500,72,1132,185,0.36,2015,,,,EligibleForGentrification,,NotCurrentlyGentrifying
256,256,53033028500,"Census Tract 285, King County, Washington",SeaTac,9,40,231.0,20.8,2676.0,47560,49,37.9,260600,14,755,310,0.6,2015,,,,EligibleForGentrification,,NotCurrentlyGentrifying
257,257,53033028600,"Census Tract 286, King County, Washington",Normandy Park,2,36,563.0,51.9,4686.0,88574,28,21.7,470300,156,518,919,0.77,2015,,,,NotEligibleForGentrification,,NotCurrentlyGentrifying
258,258,53033028700,"Census Tract 287, King County, Washington",De Moines,4,31,420.0,25.7,3597.0,73841,13,56.5,264500,7,62,659,0.69,2015,,,,NotEligibleForGentrification,,NotCurrentlyGentrifying
259,259,53033028801,"Census Tract 288.01, King County, Washington",SeaTac,8,45,117.0,21.8,2518.0,60948,44,41.8,225200,10,239,252,0.54,2015,,,,EligibleForGentrification,,NotCurrentlyGentrifying
260,260,53033028802,"Census Tract 288.02, King County, Washington",SeaTac,13,38,405.0,19.7,3586.0,40590,62,48.8,279300,272,982,388,0.28,2015,,,,EligibleForGentrification,,NotCurrentlyGentrifying
261,261,53033028901,"Census Tract 289.01, King County, Washington",Des Moines,11,44,223.0,25.3,2286.0,67500,46,24.0,285200,57,696,370,0.69,2015,,,,NotEligibleForGentrification,,NotCurrentlyGentrifying
262,262,53033028902,"Census Tract 289.02, King County, Washington",Des Moines,12,39,405.0,11.8,3875.0,41000,67,22.3,194000,399,1335,474,0.36,2015,,,,EligibleForGentrification,,NotCurrentlyGentrifying
263,263,53033029001,"Census Tract 290.01, King County, Washington",Des Moines,7,40,246.0,30.0,3738.0,58641,28,42.7,250300,43,611,481,0.69,2015,,,,EligibleForGentrification,,NotCurrentlyGentrifying
264,264,53033029003,"Census Tract 290.03, King County, Washington",Des Moines,9,29,438.0,16.1,3914.0,55747,63,31.3,245500,248,776,524,0.42,2015,,,,EligibleForGentrification,,NotCurrentlyGentrifying
265,265,53033029004,"Census Tract 290.04, King County, Washington",Kent,16,38,305.0,9.7,2400.0,31783,67,25.4,153000,117,637,146,0.28,2015,,,,EligibleForGentrification,,NotCurrentlyGentrifying
266,266,53033029101,"Census Tract 291.01, King County, Washington",kent,7,43,254.0,45.2,2059.0,74228,26,40.9,258700,50,326,236,0.46,2015,,,,NotEligibleForGentrification,,NotCurrentlyGentrifying
267,267,53033029102,"Census Tract 291.02, King County, Washington",Kent,3,33,279.0,18.4,2615.0,65174,31,44.1,232300,84,158,344,0.47,2015,,,,EligibleForGentrification,,NotCurrentlyGentrifying
268,268,53033029203,"Census Tract 292.03, King County, Washington",Kent,8,48,198.0,11.3,1691.0,33704,82,27.8,214500,92,702,97,0.41,2015,,,,EligibleForGentrification,,NotCurrentlyGentrifying
269,269,53033029204,"Census Tract 292.04, King County, Washington",Kent,7,27,561.0,27.7,3905.0,59591,55,50.6,311900,112,1174,548,0.47,2015,,,,NotEligibleForGentrification,,NotCurrentlyGentrifying
270,270,53033029205,"Census Tract 292.05, King County, Washington",Kent,8,44,247.0,25.3,3372.0,61304,46,25.5,183900,195,1091,299,0.45,2015,,,,EligibleForGentrification,,NotCurrentlyGentrifying
271,271,53033029206,"Census Tract 292.06, King County, Washington",Kent,11,52,333.0,17.6,2482.0,29623,82,29.5,251600,54,1473,163,0.28,2015,,,,EligibleForGentrification,,CurrentlyGentrifying
272,272,53033029303,"Census Tract 293.03, King County, Washington",Renton,5,41,460.0,35.1,4969.0,67727,41,30.3,326100,300,689,498,0.44,2015,,,,NotEligibleForGentrification,,NotCurrentlyGentrifying
273,273,53033029304,"Census Tract 293.04, King County, Washington",Renton,6,28,414.0,34.5,2926.0,92829,25,17.6,295900,21,341,599,0.59,2015,,,,NotEligibleForGentrification,,NotCurrentlyGentrifying
274,274,53033029305,"Census Tract 293.05, King County, Washington",Renton,4,24,241.0,26.2,2385.0,76755,29,6.0,272900,228,41,312,0.56,2015,,,,NotEligibleForGentrification,,NotCurrentlyGentrifying
275,275,53033029306,"Census Tract 293.06, King County, Washington",Renton,6,35,219.0,28.9,2041.0,71029,28,41.9,281600,13,189,402,0.5,2015,,,,NotEligibleForGentrification,,NotCurrentlyGentrifying
276,276,53033029307,"Census Tract 293.07, King County, Washington",Renton,1,15,398.0,37.6,2435.0,94375,16,31.7,261200,0,8,596,0.6,2015,,,,NotEligibleForGentrification,,NotCurrentlyGentrifying
277,277,53033029403,"Census Tract 294.03, King County, Washington",East Hill Meridian,9,24,475.0,24.3,3395.0,70114,30,50.6,263800,93,458,572,0.36,2015,,,,EligibleForGentrification,,NotCurrentlyGentrifying
278,278,53033029405,"Census Tract 294.05, King County, Washington",East Hill Meridian,5,12,441.0,29.1,3666.0,83750,16,52.0,284100,0,0,720,0.52,2015,,,,NotEligibleForGentrification,,NotCurrentlyGentrifying
279,279,53033029406,"Census Tract 294.06, King County, Washington",East Hill Meridian,7,13,468.0,36.0,2849.0,89792,23,51.9,220800,12,79,483,0.43,2015,,,,NotEligibleForGentrification,,NotCurrentlyGentrifying
280,280,53033029407,"Census Tract 294.07, King County, Washington",East Hill Meridian,10,30,369.0,20.2,2902.0,46627,53,28.2,182800,197,678,282,0.47,2015,,,,EligibleForGentrification,,NotCurrentlyGentrifying
281,281,53033029408,"Census Tract 294.08, King County, Washington",East Hill Meridian,5,39,333.0,12.7,2805.0,41651,57,45.5,269900,112,650,251,0.41,2015,,,,EligibleForGentrification,,NotCurrentlyGentrifying
282,282,53033029502,"Census Tract 295.02, King County, Washington",Kent,3,18,710.0,28.2,3744.0,76295,23,43.9,221200,23,58,641,0.56,2015,,,,NotEligibleForGentrification,,NotCurrentlyGentrifying
283,283,53033029503,"Census Tract 295.03, King County, Washington",Kent,12,39,674.0,15.5,4500.0,33092,78,35.8,219700,154,2373,292,0.36,2015,,,,EligibleForGentrification,,NotCurrentlyGentrifying
284,284,53033029504,"Census Tract 295.04, King County, Washington",Kent,5,26,501.0,15.4,2928.0,45329,70,35.6,237500,195,1176,445,0.49,2015,,,,EligibleForGentrification,,NotCurrentlyGentrifying
285,285,53033029601,"Census Tract 296.01, King County, Washington",Kent,7,19,646.0,17.5,4110.0,72635,31,26.2,326100,114,407,634,0.45,2015,,,,NotEligibleForGentrification,,NotCurrentlyGentrifying
286,286,53033029602,"Census Tract 296.02, King County, Washington",Muckleshoot Res,4,16,593.0,38.7,3267.0,96964,12,38.3,221400,0,0,740,0.69,2015,,,,NotEligibleForGentrification,,NotCurrentlyGentrifying
287,287,53033029700,"Census Tract 297, King County, Washington",Kent,4,43,550.0,18.1,4703.0,40513,55,41.7,245600,184,1121,349,0.57,2015,,,,EligibleForGentrification,,NotCurrentlyGentrifying
288,288,53033029801,"Census Tract 298.01, King County, Washington",Kent,6,37,567.0,29.3,4612.0,62788,54,25.8,256400,196,1392,755,0.49,2015,,,,EligibleForGentrification,,NotCurrentlyGentrifying
289,289,53033029802,"Census Tract 298.02, King County, Washington",Lakeland North,11,33,587.0,24.9,5832.0,74350,22,42.2,260500,52,269,937,0.62,2015,,,,NotEligibleForGentrification,,NotCurrentlyGentrifying
290,290,53033029901,"Census Tract 299.01, King County, Washington",lakeland North,9,22,487.0,24.1,2886.0,68609,25,40.4,287300,80,31,481,0.68,2015,,,,NotEligibleForGentrification,,NotCurrentlyGentrifying
291,291,53033029902,"Census Tract 299.02, King County, Washington",Muckleshoot Res,4,19,393.0,27.5,2973.0,84816,11,25.4,277000,0,0,604,0.68,2015,,,,NotEligibleForGentrification,,NotCurrentlyGentrifying
292,292,53033030003,"Census Tract 300.03, King County, Washington",Des Moines,3,34,388.0,27.6,4109.0,61250,38,27.0,214200,85,624,548,0.45,2015,,,,EligibleForGentrification,,NotCurrentlyGentrifying
293,293,53033030004,"Census Tract 300.04, King County, Washington",Puyallup Res,10,40,552.0,15.5,4255.0,42439,67,28.9,186300,243,2046,566,0.34,2015,,,,EligibleForGentrification,,NotCurrentlyGentrifying
294,294,53033030005,"Census Tract 300.05, King County, Washington",Puyallup Res,5,31,371.0,12.8,3235.0,48942,36,33.9,251000,117,284,448,0.41,2015,,,,EligibleForGentrification,,NotCurrentlyGentrifying
295,295,53033030006,"Census Tract 300.06, King County, Washington",Puyallup Res,14,55,243.0,15.5,2554.0,27635,85,25.8,381200,122,1358,130,0.31,2015,,,,NotEligibleForGentrification,,CurrentlyGentrifying
296,296,53033030100,"Census Tract 301, King County, Washington",Puyallup Res,8,21,602.0,41.7,4968.0,81458,19,36.4,211500,329,61,891,0.71,2015,,,,NotEligibleForGentrification,,NotCurrentlyGentrifying
297,297,53033030201,"Census Tract 302.01, King County, Washington",Puyallup Res,9,37,398.0,24.0,3476.0,51837,36,44.1,202600,298,376,517,0.51,2015,,,,EligibleForGentrification,,NotCurrentlyGentrifying
298,298,53033030202,"Census Tract 302.02, King County, Washington",Puyallup Res,11,32,421.0,19.8,3837.0,50226,43,23.3,302300,133,700,533,0.49,2015,,,,NotEligibleForGentrification,,NotCurrentlyGentrifying
299,299,53033030304,"Census Tract 303.04, King County, Washington",Puyallup Res,7,11,334.0,32.1,2048.0,86198,18,28.6,270900,0,63,405,0.63,2015,,,,NotEligibleForGentrification,,NotCurrentlyGentrifying
300,300,53033030305,"Census Tract 303.05, King County, Washington",Puyallup Res,10,30,366.0,30.4,3356.0,71311,21,50.1,268500,250,257,416,0.57,2015,,,,NotEligibleForGentrification,,NotCurrentlyGentrifying
301,301,53033030306,"Census Tract 303.06, King County, Washington",Puyallup Res,5,19,368.0,29.4,3988.0,94677,17,29.1,278400,55,163,689,0.58,2015,,,,NotEligibleForGentrification,,NotCurrentlyGentrifying
302,302,53033030308,"Census Tract 303.08, King County, Washington",Puyallup Res,9,21,612.0,25.8,3881.0,57565,52,41.3,274600,415,665,512,0.46,2015,,,,EligibleForGentrification,,NotCurrentlyGentrifying
303,303,53033030309,"Census Tract 303.09, King County, Washington",Puyallup Res,4,35,515.0,24.3,3471.0,61973,65,28.4,288900,1210,853,451,0.5,2015,,,,NotEligibleForGentrification,,NotCurrentlyGentrifying
304,304,53033030310,"Census Tract 303.10, King County, Washington",Federal Way,3,31,487.0,29.3,3732.0,62237,46,36.0,216500,37,684,541,0.5,2015,,,,EligibleForGentrification,,NotCurrentlyGentrifying
305,305,53033030311,"Census Tract 303.11, King County, Washington",Puyallup Res,6,21,465.0,21.7,3313.0,71659,27,40.6,238200,53,228,534,0.4,2015,,,,NotEligibleForGentrification,,NotCurrentlyGentrifying
306,306,53033030312,"Census Tract 303.12, King County, Washington",Federal Way,11,34,378.0,20.2,2867.0,54413,47,43.1,60700,189,459,310,0.57,2015,,,,EligibleForGentrification,,NotCurrentlyGentrifying
307,307,53033030313,"Census Tract 303.13, King County, Washington",Puyallup Res,9,44,88.0,19.3,2431.0,40208,64,27.6,157800,135,797,179,0.46,2015,,,,EligibleForGentrification,,NotCurrentlyGentrifying
308,308,53033030314,"Census Tract 303.14, King County, Washington",Puyallup Res,8,45,168.0,20.4,2895.0,44918,60,22.7,262100,305,1006,289,0.48,2015,,,,EligibleForGentrification,,NotCurrentlyGentrifying
309,309,53033030401,"Census Tract 304.01, King County, Washington",Lakeland Sputh,4,24,844.0,23.5,4905.0,73497,28,40.8,234700,136,443,1200,0.58,2015,,,,NotEligibleForGentrification,,NotCurrentlyGentrifying
310,310,53033030403,"Census Tract 304.03, King County, Washington",Puyallup Res,7,26,407.0,33.8,3004.0,73917,8,37.4,273800,10,0,483,0.62,2015,,,,NotEligibleForGentrification,,NotCurrentlyGentrifying
311,311,53033030404,"Census Tract 304.04, King County, Washington",Lakeland Sputh,2,20,348.0,26.3,2619.0,68616,11,49.8,215500,0,5,586,0.84,2015,,,,EligibleForGentrification,,NotCurrentlyGentrifying
312,312,53033030501,"Census Tract 305.01, King County, Washington",Muckleshoot Res,11,63,42.0,13.9,1420.0,22775,84,19.9,176800,104,577,78,0.67,2015,,,,EligibleForGentrification,,CurrentlyGentrifying
313,313,53033030503,"Census Tract 305.03, King County, Washington",Muckleshoot Res,10,34,519.0,18.0,2336.0,42900,56,42.4,146100,367,780,189,0.48,2015,,,,EligibleForGentrification,,NotCurrentlyGentrifying
314,314,53033030504,"Census Tract 305.04, King County, Washington",Muckleshoot Res,6,47,203.0,15.3,2772.0,50396,50,18.7,186500,365,486,192,0.64,2015,,,,EligibleForGentrification,,NotCurrentlyGentrifying
315,315,53033030600,"Census Tract 306, King County, Washington",Muckleshoot Res,7,36,427.0,12.5,3666.0,53188,50,24.9,188000,158,410,386,0.66,2015,,,,EligibleForGentrification,,NotCurrentlyGentrifying
316,316,53033030700,"Census Tract 307, King County, Washington",Muckleshoot Res,2,33,302.0,10.5,2523.0,41492,51,37.8,22200,123,217,287,0.67,2015,,,,EligibleForGentrification,,NotCurrentlyGentrifying
317,317,53033030801,"Census Tract 308.01, King County, Washington",Muckleshoot Res,9,29,462.0,5.8,4063.0,34351,41,19.5,185400,492,348,439,0.39,2015,,,,EligibleForGentrification,,NotCurrentlyGentrifying
318,318,53033030802,"Census Tract 308.02, King County, Washington",Muckleshoot Res,8,23,293.0,9.4,2377.0,52317,47,20.0,187100,80,409,358,0.56,2015,,,,EligibleForGentrification,,NotCurrentlyGentrifying
319,319,53033030901,"Census Tract 309.01, King County, Washington",Algona,6,20,283.0,8.5,1954.0,60893,20,55.0,195800,33,55,440,0.64,2015,,,,EligibleForGentrification,,NotCurrentlyGentrifying
320,320,53033030902,"Census Tract 309.02, King County, Washington",Pacific,7,32,489.0,13.4,3177.0,54315,49,19.9,300100,180,466,395,0.51,2015,,,,NotEligibleForGentrification,,NotCurrentlyGentrifying
321,321,53033031000,"Census Tract 310, King County, Washington",Auburn,7,23,350.0,44.8,2243.0,104500,15,39.9,192200,7,141,447,0.82,2015,,,,NotEligibleForGentrification,,NotCurrentlyGentrifying
322,322,53033031100,"Census Tract 311, King County, Washington",Muckleshoot Res,8,42,313.0,15.3,4559.0,51058,46,36.6,395000,237,621,448,0.62,2015,,,,NotEligibleForGentrification,,NotCurrentlyGentrifying
323,323,53033031202,"Census Tract 312.02, King County, Washington",Muckleshoot Res,1,28,426.0,25.8,4071.0,76932,29,10.8,358000,0,16,955,0.73,2015,,,,NotEligibleForGentrification,,NotCurrentlyGentrifying
324,324,53033031204,"Census Tract 312.04, King County, Washington",Lake Holm,4,23,519.0,31.6,4482.0,89375,9,43.4,278800,16,0,1042,0.88,2015,,,,NotEligibleForGentrification,,NotCurrentlyGentrifying
325,325,53033031205,"Census Tract 312.05, King County, Washington",Muckleshoot Res,11,19,403.0,27.1,3453.0,71083,31,32.2,216900,41,502,627,0.65,2015,,,,NotEligibleForGentrification,,NotCurrentlyGentrifying
326,326,53033031206,"Census Tract 312.06, King County, Washington",Muckleshoot Res,4,39,358.0,24.8,2531.0,65809,41,37.1,364700,44,544,443,0.56,2015,,,,NotEligibleForGentrification,,NotCurrentlyGentrifying
327,327,53033031301,"Census Tract 313.01, King County, Washington",Muckleshoot Res,1,21,216.0,21.0,1685.0,74632,22,33.6,247400,21,10,377,0.79,2015,,,,NotEligibleForGentrification,,NotCurrentlyGentrifying
328,328,53033031302,"Census Tract 313.02, King County, Washington",Enumclaw,2,37,337.0,21.9,3213.0,48385,29,29.0,229300,188,99,410,0.86,2015,,,,EligibleForGentrification,,NotCurrentlyGentrifying
329,329,53033031400,"Census Tract 314, King County, Washington",Enumclaw,1,43,310.0,14.4,4100.0,55398,44,39.5,354400,99,470,420,0.77,2015,,,,NotEligibleForGentrification,,NotCurrentlyGentrifying
330,330,53033031501,"Census Tract 315.01, King County, Washington",Ravensdale,0,25,381.0,18.6,2587.0,83667,22,6.1,321200,11,0,868,0.87,2015,,,,NotEligibleForGentrification,,NotCurrentlyGentrifying
331,331,53033031502,"Census Tract 315.02, King County, Washington",Ravensdale,1,35,314.0,23.9,2662.0,74306,20,7.3,343900,83,159,613,0.89,2015,,,,NotEligibleForGentrification,,NotCurrentlyGentrifying
332,332,53033031601,"Census Tract 316.01, King County, Washington",Lake Morton Berrydale,3,21,494.0,36.3,3129.0,99730,7,43.4,312100,0,8,846,0.85,2015,,,,NotEligibleForGentrification,,NotCurrentlyGentrifying
333,333,53033031603,"Census Tract 316.03, King County, Washington",Black Diamond,1,24,727.0,32.5,3435.0,82067,17,26.3,300300,11,13,502,0.81,2015,,,,NotEligibleForGentrification,,NotCurrentlyGentrifying
334,334,53033031604,"Census Tract 316.04, King County, Washington",Maple Valley,4,16,727.0,40.9,2662.0,102202,14,20.6,400000,0,33,616,0.79,2015,,,,NotEligibleForGentrification,,NotCurrentlyGentrifying
335,335,53033031605,"Census Tract 316.05, King County, Washington",Black Diamond,2,24,292.0,25.8,2149.0,91071,10,14.6,286400,10,12,584,0.79,2015,,,,NotEligibleForGentrification,,NotCurrentlyGentrifying
336,336,53033031703,"Census Tract 317.03, King County, Washington",Kent,4,27,492.0,31.6,3890.0,84408,14,55.1,272700,17,171,730,0.67,2015,,,,NotEligibleForGentrification,,NotCurrentlyGentrifying
337,337,53033031704,"Census Tract 317.04, King County, Washington",Kent,7,24,502.0,23.9,2953.0,82277,29,32.2,303200,47,251,574,0.62,2015,,,,NotEligibleForGentrification,,NotCurrentlyGentrifying
338,338,53033031705,"Census Tract 317.05, King County, Washington",Covington,3,12,365.0,30.4,2250.0,107311,17,52.9,302000,0,0,532,0.68,2015,,,,NotEligibleForGentrification,,NotCurrentlyGentrifying
339,339,53033031706,"Census Tract 317.06, King County, Washington",Covington,5,31,650.0,27.3,3683.0,74239,34,40.0,333900,17,468,602,0.66,2015,,,,NotEligibleForGentrification,,NotCurrentlyGentrifying
340,340,53033031800,"Census Tract 318, King County, Washington",East Hill Meridian,2,21,338.0,36.7,3127.0,106875,10,13.8,330600,9,0,793,0.76,2015,,,,NotEligibleForGentrification,,NotCurrentlyGentrifying
341,341,53033031903,"Census Tract 319.03, King County, Washington",East Renton Highlands,5,20,576.0,36.1,4234.0,87014,12,32.1,374100,0,0,861,0.71,2015,,,,NotEligibleForGentrification,,NotCurrentlyGentrifying
342,342,53033031904,"Census Tract 319.04, King County, Washington",East Renton Highlands,7,22,330.0,35.9,2105.0,84088,10,13.0,406900,0,0,533,0.82,2015,,,,NotEligibleForGentrification,,NotCurrentlyGentrifying
343,343,53033031906,"Census Tract 319.06, King County, Washington",Maple heights-Lake Desire,3,22,359.0,47.4,2472.0,107299,7,7.4,335100,0,6,501,0.7,2015,,,,NotEligibleForGentrification,,NotCurrentlyGentrifying
344,344,53033031907,"Census Tract 319.07, King County, Washington",Fairwood,4,23,748.0,52.3,5032.0,99038,16,36.1,286500,44,320,870,0.52,2015,,,,NotEligibleForGentrification,,NotCurrentlyGentrifying
345,345,53033031908,"Census Tract 319.08, King County, Washington",,5,43,320.0,33.3,2696.0,61827,57,31.3,346600,187,1111,321,0.55,2015,,,,NotEligibleForGentrification,,NotCurrentlyGentrifying
346,346,53033031909,"Census Tract 319.09, King County, Washington",,8,24,260.0,47.9,2243.0,108265,24,39.1,447400,5,237,367,0.62,2015,,,,NotEligibleForGentrification,,NotCurrentlyGentrifying
347,347,53033032002,"Census Tract 320.02, King County, Washington",Hobart,1,25,267.0,29.4,2184.0,91063,19,27.4,402800,0,0,591,0.89,2015,,,,NotEligibleForGentrification,,NotCurrentlyGentrifying
348,348,53033032003,"Census Tract 320.03, King County, Washington",Hobart,2,28,441.0,32.3,3225.0,83750,6,12.7,230700,0,0,968,0.92,2015,,,,NotEligibleForGentrification,,NotCurrentlyGentrifying
349,349,53033032005,"Census Tract 320.05, King County, Washington",Covinton,3,23,633.0,23.3,3878.0,87350,16,29.2,303600,0,0,909,0.75,2015,,,,NotEligibleForGentrification,,NotCurrentlyGentrifying
350,350,53033032006,"Census Tract 320.06, King County, Washington",Lake Morton Berrydale,2,30,341.0,31.5,2938.0,85323,19,32.6,333000,0,0,695,0.86,2015,,,,NotEligibleForGentrification,,NotCurrentlyGentrifying
351,351,53033032007,"Census Tract 320.07, King County, Washington",Shadow Lake,3,25,390.0,35.4,2027.0,90703,13,36.8,250500,18,72,517,0.82,2015,,,,NotEligibleForGentrification,,NotCurrentlyGentrifying
352,352,53033032008,"Census Tract 320.08, King County, Washington",Maple Valley,2,18,415.0,29.3,2486.0,88375,11,50.9,305000,26,28,564,0.83,2015,,,,NotEligibleForGentrification,,NotCurrentlyGentrifying
353,353,53033032010,"Census Tract 320.10, King County, Washington",Maple Valley,5,29,662.0,41.1,3153.0,96857,20,24.5,298300,0,245,551,0.8,2015,,,,NotEligibleForGentrification,,NotCurrentlyGentrifying
354,354,53033032011,"Census Tract 320.11, King County, Washington",Maple Valley,2,23,625.0,34.7,2231.0,106957,18,17.3,482800,0,8,356,0.83,2015,,,,NotEligibleForGentrification,,NotCurrentlyGentrifying
355,355,53033032102,"Census Tract 321.02, King County, Washington",Mirrormont,6,23,429.0,51.4,3225.0,98750,10,67.4,439500,9,9,683,0.95,2015,,,,NotEligibleForGentrification,,NotCurrentlyGentrifying
363,363,53033032212,"Census Tract 322.12, King County, Washington",Klahanie,6,17,1283.0,70.8,5062.0,126146,21,41.1,641300,34,731,402,0.6,2015,,,,NotEligibleForGentrification,,NotCurrentlyGentrifying
375,375,53033032319,"Census Tract 323.19, King County, Washington",Woodinville,6,53,270.0,50.3,3164.0,68370,63,32.1,600700,160,1555,381,0.86,2015,,,,NotEligibleForGentrification,,NotCurrentlyGentrifying
377,377,53033032321,"Census Tract 323.21, King County, Washington",Cottage Lake,2,10,810.0,75.4,2940.0,199542,6,13.7,607300,0,67,602,0.61,2015,,,,NotEligibleForGentrification,,NotCurrentlyGentrifying
378,378,53033032322,"Census Tract 323.22, King County, Washington",Cottage Lake,5,11,496.0,67.5,2196.0,147750,7,37.2,542100,0,0,455,0.82,2015,,,,NotEligibleForGentrification,,NotCurrentlyGentrifying
382,382,53033032326,"Census Tract 323.26, King County, Washington",Cottage Lake,6,17,471.0,63.8,2184.0,138917,13,28.5,592500,0,147,562,0.77,2015,,,,NotEligibleForGentrification,,NotCurrentlyGentrifying
383,383,53033032327,"Census Tract 323.27, King County, Washington",Union Hill Novelty Hill,3,25,149.0,64.4,2824.0,101563,5,19.6,629600,0,9,372,0.89,2015,,,,NotEligibleForGentrification,,NotCurrentlyGentrifying
384,384,53033032328,"Census Tract 323.28, King County, Washington",Union Hill Novelty Hill,3,15,416.0,61.4,2185.0,112917,10,40.5,489400,0,21,544,0.83,2015,,,,NotEligibleForGentrification,,NotCurrentlyGentrifying
385,385,53033032329,"Census Tract 323.29, King County, Washington",Union Hill Novelty Hill,3,20,1545.0,76.4,3903.0,136616,25,29.8,397700,29,750,530,0.52,2015,,,,NotEligibleForGentrification,,NotCurrentlyGentrifying
386,386,53033032401,"Census Tract 324.01, King County, Washington",Duvall,3,33,591.0,41.2,3623.0,92500,19,4.0,379500,17,32,812,0.93,2015,,,,NotEligibleForGentrification,,NotCurrentlyGentrifying
387,387,53033032402,"Census Tract 324.02, King County, Washington",Duvall,4,24,805.0,43.3,3623.0,106824,15,24.5,418300,16,74,930,0.87,2015,,,,NotEligibleForGentrification,,NotCurrentlyGentrifying
388,388,53033032500,"Census Tract 325, King County, Washington",Carnation,2,26,443.0,43.3,3220.0,95309,20,38.1,436900,38,27,804,0.85,2015,,,,NotEligibleForGentrification,,NotCurrentlyGentrifying
389,389,53033032601,"Census Tract 326.01, King County, Washington",Fall City,2,27,256.0,38.5,2013.0,84583,29,43.7,458700,0,0,343,0.99,2015,,,,NotEligibleForGentrification,,NotCurrentlyGentrifying
390,390,53033032602,"Census Tract 326.02, King County, Washington",Snoqualmie,5,12,1980.0,60.9,5922.0,132072,14,24.6,336800,62,97,709,0.8,2015,,,,NotEligibleForGentrification,,NotCurrentlyGentrifying
391,391,53033032702,"Census Tract 327.02, King County, Washington",North Bend,2,24,865.0,38.5,4256.0,100309,21,18.5,297700,50,215,911,0.89,2015,,,,NotEligibleForGentrification,,NotCurrentlyGentrifying
392,392,53033032703,"Census Tract 327.03, King County, Washington",Snoqualmieres,3,29,254.0,35.7,1211.0,77483,39,41.2,366600,39,51,249,0.88,2015,,,,NotEligibleForGentrification,,NotCurrentlyGentrifying
393,393,53033032704,"Census Tract 327.04, King County, Washington",North Bend,1,26,550.0,36.1,4050.0,70471,31,32.4,397600,119,445,637,0.88,2015,,,,NotEligibleForGentrification,,NotCurrentlyGentrifying
524,524,53033020100,"Census Tract 201, King County, Washington",Shoreline,5,31,,54.7,,83233,12,73.0,518600,19,57,350,0.84,2010,560088.0,,,None,,None
525,525,53033020200,"Census Tract 202, King County, Washington",Shoreline,10,30,,53.9,,83032,27,194.0,428300,0,639,482,0.79,2010,462564.00000000006,,,None,,None
526,526,53033020300,"Census Tract 203, King County, Washington",Shoreline,10,45,,41.2,,54773,48,379.0,358100,20,1082,390,0.73,2010,386748.0,,,None,,None
527,527,53033020401,"Census Tract 204.01, King County, Washington",Shoreline,11,41,,38.8,,65353,27,187.0,335400,48,346,292,0.7,2010,362232.0,,,None,,None
528,528,53033020402,"Census Tract 204.02, King County, Washington",Lake Forest Park,10,42,,45.0,,61823,36,371.0,374900,229,431,473,0.77,2010,404892.0,,,None,,None
529,529,53033020500,"Census Tract 205, King County, Washington",Shoreline,10,45,,37.1,,61725,35,316.0,334600,99,661,629,0.69,2010,361368.0,,,None,,None
530,530,53033020600,"Census Tract 206, King County, Washington",Shoreline,10,22,,32.1,,82148,11,89.0,359300,0,67,358,0.49,2010,388044.0,,,None,,None
531,531,53033020700,"Census Tract 207, King County, Washington",Shoreline,17,48,,37.7,,52929,45,174.0,365300,45,388,201,0.67,2010,394524.0,,,None,,None
532,532,53033020800,"Census Tract 208, King County, Washington",Shoreline,8,25,,60.2,,100417,18,120.0,457600,0,251,496,0.84,2010,494208.00000000006,,,None,,None
533,533,53033020900,"Census Tract 209, King County, Washington",Shoreline,20,32,,56.1,,82941,20,92.0,384600,24,371,357,0.69,2010,415368.0,,,None,,None
534,534,53033021000,"Census Tract 210, King County, Washington",Shoreline,10,35,,35.8,,67875,31,308.0,356100,15,399,541,0.54,2010,384588.0,,,None,,None
535,535,53033021100,"Census Tract 211, King County, Washington",Shoreline,9,36,,41.0,,58462,36,230.0,339500,0,385,317,0.6,2010,366660.0,,,None,,None
536,536,53033021300,"Census Tract 213, King County, Washington",Lake Forest Park,16,51,,40.2,,57614,43,263.0,398700,87,547,254,0.71,2010,430596.0,,,None,,None
537,537,53033021400,"Census Tract 214, King County, Washington",Lake Forest Park,10,25,,54.3,,96850,8,25.0,468600,0,10,405,0.88,2010,506088.00000000006,,,None,,None
538,538,53033021500,"Census Tract 215, King County, Washington",Lake Forest Park,6,22,,62.3,,114375,7,68.0,483900,0,0,581,0.84,2010,522612.00000000006,,,None,,None
539,539,53033021600,"Census Tract 216, King County, Washington",Kenmore,10,28,,49.8,,94091,18,154.0,412700,129,199,660,0.67,2010,445716.00000000006,,,None,,None
540,540,53033021700,"Census Tract 217, King County, Washington",Kenmore,12,48,,40.9,,57417,48,458.0,375100,13,1465,530,0.68,2010,405108.0,,,None,,None
541,541,53033021802,"Census Tract 218.02, King County, Washington",Bothell,6,32,,48.8,,70266,28,323.0,349900,23,485,257,0.64,2010,377892.0,,,None,,None
542,542,53033021803,"Census Tract 218.03, King County, Washington",Bothell,10,33,,38.5,,60854,35,173.0,383500,194,504,443,0.75,2010,414180.0,,,None,,None
543,543,53033021804,"Census Tract 218.04, King County, Washington",Bothell,2,45,,47.8,,65217,47,336.0,424100,44,699,308,0.74,2010,458028.00000000006,,,None,,None
545,545,53033021904,"Census Tract 219.04, King County, Washington",Kingsgate,10,24,,39.6,,74067,30,187.0,410000,49,372,535,0.54,2010,442800.00000000006,,,None,,None
546,546,53033021905,"Census Tract 219.05, King County, Washington",Kingsgate,6,41,,45.2,,76681,22,167.0,340100,169,419,326,0.72,2010,367308.0,,,None,,None
547,547,53033021906,"Census Tract 219.06, King County, Washington",Woodinville,4,43,,47.0,,87500,19,160.0,377600,99,644,312,0.78,2010,407808.0,,,None,,None
548,548,53033022001,"Census Tract 220.01, King County, Washington",Kenmore,5,43,,44.5,,59191,43,574.0,440600,44,871,501,0.78,2010,475848.00000000006,,,None,,None
549,549,53033022003,"Census Tract 220.03, King County, Washington",Inglewood Finn Hil,8,37,,40.5,,68693,35,244.0,382300,57,500,418,0.75,2010,412884.0,,,None,,None
554,554,53033022201,"Census Tract 222.01, King County, Washington",Inglewood Finn Hil,6,29,,42.2,,75810,24,197.0,369800,131,236,412,0.84,2010,399384.0,,,None,,None
555,555,53033022202,"Census Tract 222.02, King County, Washington",Inglewood Finn Hil,7,44,,41.2,,70281,39,548.0,388400,68,1476,761,0.71,2010,419472.0,,,None,,None
556,556,53033022203,"Census Tract 222.03, King County, Washington",Inglewood Finn Hil,5,26,,64.5,,109609,21,169.0,517700,66,151,514,0.79,2010,559116.0,,,None,,None
557,557,53033022300,"Census Tract 223, King County, Washington",Inglewood Finn Hil,4,25,,60.9,,101932,14,70.0,698800,41,0,348,0.86,2010,754704.0,,,None,,None
567,567,53033022801,"Census Tract 228.01, King County, Washington",Beaux Art Village,16,48,,67.3,,73168,68,1683.0,490000,729,2519,295,0.5,2010,529200.0,,,None,,None
570,570,53033022901,"Census Tract 229.01, King County, Washington",Beaux Art Village,12,23,,67.1,,114756,20,174.0,543200,0,20,242,0.73,2010,586656.0,,,None,,None
571,571,53033022902,"Census Tract 229.02, King County, Washington",Beaux Art Village,5,33,,63.8,,105073,34,591.0,533300,42,798,380,0.75,2010,575964.0,,,None,,None
572,572,53033023000,"Census Tract 230, King County, Washington",Beaux Art Village,10,18,,64.7,,121736,17,194.0,582000,0,44,424,0.69,2010,628560.0,,,None,,None
573,573,53033023100,"Census Tract 231, King County, Washington",Beaux Art Village,11,27,,52.7,,74280,17,94.0,477900,65,53,280,0.69,2010,516132.00000000006,,,None,,None
574,574,53033023201,"Census Tract 232.01, King County, Washington",Beaux Art Village,12,40,,57.8,,73908,67,893.0,416500,138,1798,252,0.41,2010,449820.00000000006,,,None,,None
575,575,53033023202,"Census Tract 232.02, King County, Washington",Beaux Art Village,22,46,,36.7,,47159,69,463.0,403600,221,1110,129,0.47,2010,435888.0,,,None,,None
576,576,53033023300,"Census Tract 233, King County, Washington",Beaux Art Village,11,34,,43.6,,74488,22,169.0,436800,30,175,554,0.67,2010,471744.00000000006,,,None,,None
577,577,53033023401,"Census Tract 234.01, King County, Washington",Beaux Art Village,7,40,,50.5,,69375,42,251.0,406600,128,362,295,0.63,2010,439128.0,,,None,,None
578,578,53033023403,"Census Tract 234.03, King County, Washington",Beaux Art Village,8,35,,58.2,,103011,18,243.0,501700,100,272,442,0.78,2010,541836.0,,,None,,None
579,579,53033023404,"Census Tract 234.04, King County, Washington",Bellevue,4,21,,70.3,,120682,7,39.0,612300,0,133,336,0.88,2010,661284.0,,,None,,None
580,580,53033023500,"Census Tract 235, King County, Washington",Beaux Art Village,5,36,,61.3,,88393,36,313.0,578900,215,245,290,0.73,2010,625212.0,,,None,,None
581,581,53033023601,"Census Tract 236.01, King County, Washington",Beaux Art Village,5,46,,55.5,,65093,46,339.0,535400,46,904,145,0.63,2010,578232.0,,,None,,None
582,582,53033023603,"Census Tract 236.03, King County, Washington",Beaux Art Village,18,48,,52.0,,57500,70,883.0,481500,205,1519,167,0.43,2010,520020.00000000006,,,None,,None
583,583,53033023604,"Census Tract 236.04, King County, Washington",Beaux Art Village,9,40,,49.5,,62692,65,945.0,477700,302,1218,286,0.5,2010,515916.00000000006,,,None,,None
584,584,53033023700,"Census Tract 237, King County, Washington",Beaux Art Village,5,39,,64.2,,89602,27,241.0,676000,141,431,322,0.76,2010,730080.0,,,None,,None
585,585,53033023801,"Census Tract 238.01, King County, Washington",Beaux Art Village,10,48,,57.3,,64302,59,462.0,509500,38,685,98,0.75,2010,550260.0,,,None,,None
586,586,53033023803,"Census Tract 238.03, King County, Washington",Beaux Art Village,8,64,,56.7,,86563,80,577.0,445700,11,1824,12,0.59,2010,481356.00000000006,,,None,,None
587,587,53033023804,"Census Tract 238.04, King County, Washington",Beaux Art Village,13,75,,71.7,,63056,76,736.0,519800,0,2597,0,0.59,2010,561384.0,,,None,,None
588,588,53033023900,"Census Tract 239, King County, Washington",Beaux Art Village,6,34,,65.9,,93698,32,461.0,874700,71,920,562,0.84,2010,944676.0000000001,,,None,,None
589,589,53033024000,"Census Tract 240, King County, Washington",Beaux Art Village,4,45,,65.1,,89781,39,785.0,731200,226,1388,412,0.76,2010,789696.0,,,None,,None
590,590,53033024100,"Census Tract 241, King County, Washington",Clyde Hill,3,13,,76.5,,184375,8,47.0,1000000,0,13,582,0.85,2010,1080000.0,,,None,,None
591,591,53033024200,"Census Tract 242, King County, Washington",Beaux Art Village,3,21,,78.7,,175250,14,92.0,1000000,0,0,394,0.86,2010,1080000.0,,,None,,None
592,592,53033024300,"Census Tract 243, King County, Washington",Beaux Art Village,6,44,,68.0,,91734,30,432.0,781500,24,1373,557,0.77,2010,844020.0,,,None,,None
593,593,53033024400,"Census Tract 244, King County, Washington",Beaux Art Village,6,39,,69.4,,89224,65,478.0,695400,33,873,131,0.72,2010,751032.0,,,None,,None
594,594,53033024500,"Census Tract 245, King County, Washington",Beaux Art Village,6,20,,77.7,,139469,12,89.0,897000,8,0,524,0.76,2010,968760.0000000001,,,None,,None
595,595,53033024601,"Census Tract 246.01, King County, Washington",Beaux Art Village,6,18,,85.5,,164353,4,56.0,963600,0,0,540,0.82,2010,1040688.0000000001,,,None,,None
596,596,53033024602,"Census Tract 246.02, King County, Washington",Beaux Art Village,5,10,,86.2,,179010,3,15.0,1000000,0,27,450,0.8,2010,1080000.0,,,None,,None
597,597,53033024701,"Census Tract 247.01, King County, Washington",Beaux Art Village,7,34,,60.1,,75257,25,157.0,470100,12,477,244,0.61,2010,507708.00000000006,,,None,,None
598,598,53033024702,"Census Tract 247.02, King County, Washington",Newcastle,9,31,,52.4,,96793,14,271.0,535600,12,403,482,0.67,2010,578448.0,,,None,,None
599,599,53033024800,"Census Tract 248, King County, Washington",Beaux Art Village,11,29,,58.8,,67530,39,467.0,376400,296,741,304,0.51,2010,406512.0,,,None,,None
600,600,53033024901,"Census Tract 249.01, King County, Washington",Beaux Art Village,5,14,,70.2,,115824,8,127.0,670900,0,27,606,0.58,2010,724572.0,,,None,,None
601,601,53033024902,"Census Tract 249.02, King County, Washington",Beaux Art Village,6,13,,57.9,,98039,13,33.0,601000,0,94,408,0.6,2010,649080.0,,,None,,None
602,602,53033024903,"Census Tract 249.03, King County, Washington",Bellevue,9,12,,77.2,,140370,6,44.0,660300,0,0,676,0.52,2010,713124.0,,,None,,None
603,603,53033025001,"Census Tract 250.01, King County, Washington",Newcastle,4,24,,58.2,,86166,28,192.0,500400,0,339,434,0.71,2010,540432.0,,,None,,None
604,604,53033025003,"Census Tract 250.03, King County, Washington",Beaux Art Village,6,23,,73.5,,127676,27,444.0,789100,27,876,792,0.67,2010,852228.0,,,None,,None
605,605,53033025005,"Census Tract 250.05, King County, Washington",Newcastle,5,32,,74.7,,104297,20,175.0,641900,0,684,420,0.54,2010,693252.0,,,None,,None
606,606,53033025006,"Census Tract 250.06, King County, Washington",Bellevue,10,17,,77.1,,115135,33,294.0,641700,86,429,288,0.66,2010,693036.0,,,None,,None
607,607,53033025101,"Census Tract 251.01, King County, Washington",Renton,4,25,,38.0,,71250,46,495.0,422600,147,761,419,0.47,2010,456408.00000000006,,,None,,None
608,608,53033025102,"Census Tract 251.02, King County, Washington",Renton,4,28,,36.4,,84408,26,334.0,403900,103,344,738,0.46,2010,436212.0,,,None,,None
609,609,53033025200,"Census Tract 252, King County, Washington",Renton,6,37,,33.7,,67000,31,249.0,341300,100,631,786,0.56,2010,368604.0,,,None,,None
610,610,53033025301,"Census Tract 253.01, King County, Washington",Renton,7,62,,36.0,,70698,57,584.0,433700,164,1083,340,0.75,2010,468396.00000000006,,,None,,None
611,611,53033025302,"Census Tract 253.02, King County, Washington",Renton,13,77,,33.7,,43921,79,940.0,256200,272,1662,107,0.54,2010,276696.0,,,None,,None
612,612,53033025400,"Census Tract 254, King County, Washington",Renton,7,45,,19.1,,47282,60,609.0,269600,229,1319,406,0.51,2010,291168.0,,,None,,None
613,613,53033025500,"Census Tract 255, King County, Washington",Renton,11,41,,18.7,,44541,47,400.0,258100,84,663,383,0.41,2010,278748.0,,,None,,None
614,614,53033025601,"Census Tract 256.01, King County, Washington",Renton,9,43,,25.4,,60112,33,389.0,286800,0,520,346,0.44,2010,309744.0,,,None,,None
615,615,53033025602,"Census Tract 256.02, King County, Washington",Renton,2,13,,38.3,,89072,10,142.0,415900,0,0,618,0.64,2010,449172.00000000006,,,None,,None
616,616,53033025701,"Census Tract 257.01, King County, Washington",Renton,8,53,,22.6,,46998,62,653.0,287700,149,1790,416,0.6,2010,310716.0,,,None,,None
617,617,53033025702,"Census Tract 257.02, King County, Washington",Renton,3,28,,32.3,,90647,23,160.0,316400,0,172,363,0.58,2010,341712.0,,,None,,None
618,618,53033025803,"Census Tract 258.03, King County, Washington",Renton,10,34,,21.2,,50785,47,321.0,254000,49,770,274,0.45,2010,274320.0,,,None,,None
619,619,53033025804,"Census Tract 258.04, King County, Washington",Renton,7,25,,30.6,,66378,15,137.0,299900,24,14,436,0.58,2010,323892.0,,,None,,None
620,620,53033025805,"Census Tract 258.05, King County, Washington",Renton,11,33,,36.9,,61447,45,415.0,287100,80,670,364,0.52,2010,310068.0,,,None,,None
621,621,53033025806,"Census Tract 258.06, King County, Washington",Renton,8,28,,34.2,,70238,34,251.0,392200,76,450,505,0.33,2010,423576.0,,,None,,None
622,622,53033026001,"Census Tract 260.01, King County, Washington",Bryn Mawr Skyway,8,28,,29.6,,71199,16,101.0,358600,15,102,501,0.38,2010,387288.0,,,None,,None
623,623,53033026002,"Census Tract 260.02, King County, Washington",Renton,13,35,,24.3,,39798,59,845.0,324800,68,1440,408,0.22,2010,350784.0,,,None,,None
624,624,53033026100,"Census Tract 261, King County, Washington",Bryn Mawr Skyway,13,38,,24.8,,48311,37,283.0,307600,105,682,593,0.26,2010,332208.0,,,None,,None
625,625,53033026200,"Census Tract 262, King County, Washington",Renton,5,45,,22.1,,41162,63,546.0,286900,171,1509,357,0.48,2010,309852.0,,,None,,None
626,626,53033026300,"Census Tract 263, King County, Washington",Tukwila,2,37,,18.9,,49886,37,69.0,314700,55,49,120,0.36,2010,339876.0,,,None,,None
627,627,53033026400,"Census Tract 264, King County, Washington",Boulevard Park,7,41,,14.3,,43773,55,494.0,274100,176,1322,329,0.54,2010,296028.0,,,None,,None
628,628,53033026500,"Census Tract 265, King County, Washington",Burien,17,35,,12.9,,50922,46,96.0,247600,44,75,238,0.4,2010,267408.0,,,None,,None
629,629,53033026600,"Census Tract 266, King County, Washington",Burien,8,31,,16.5,,49866,38,120.0,332000,0,50,242,0.4,2010,358560.0,,,None,,None
630,630,53033026700,"Census Tract 267, King County, Washington",Burien,15,29,,28.1,,54036,37,262.0,376700,95,385,489,0.67,2010,406836.0,,,None,,None
631,631,53033026801,"Census Tract 268.01, King County, Washington",Burien,10,42,,8.3,,33231,61,463.0,287100,64,967,356,0.34,2010,310068.0,,,None,,None
632,632,53033026802,"Census Tract 268.02, King County, Washington",Burien,15,31,,13.4,,40879,39,140.0,272600,25,325,401,0.42,2010,294408.0,,,None,,None
633,633,53033027000,"Census Tract 270, King County, Washington",Riverton,5,35,,17.1,,48698,31,167.0,285200,28,89,371,0.5,2010,308016.0,,,None,,None
634,634,53033027100,"Census Tract 271, King County, Washington",Riverton,22,42,,14.0,,40921,59,378.0,276000,19,611,368,0.42,2010,298080.0,,,None,,None
635,635,53033027200,"Census Tract 272, King County, Washington",Tukwila,13,37,,24.7,,62959,32,31.0,325300,17,225,221,0.51,2010,351324.0,,,None,,None
636,636,53033027300,"Census Tract 273, King County, Washington",SeaTac,9,25,,10.5,,47731,52,305.0,260200,158,607,592,0.42,2010,281016.0,,,None,,None
637,637,53033027400,"Census Tract 274, King County, Washington",Burien,7,36,,17.0,,53822,31,179.0,279700,59,108,560,0.54,2010,302076.0,,,None,,None
638,638,53033027500,"Census Tract 275, King County, Washington",Burien,14,46,,17.8,,58537,38,204.0,266800,27,389,307,0.63,2010,288144.0,,,None,,None
639,639,53033027600,"Census Tract 276, King County, Washington",Burien,12,33,,28.7,,53908,48,258.0,416000,160,732,229,0.48,2010,449280.00000000006,,,None,,None
640,640,53033027701,"Census Tract 277.01, King County, Washington",Vashon,19,41,,60.2,,75402,15,212.0,469100,83,85,691,0.93,2010,506628.00000000006,,,None,,None
641,641,53033027702,"Census Tract 277.02, King County, Washington",Burien,12,30,,54.9,,83250,17,116.0,489700,0,10,774,0.91,2010,528876.0,,,None,,None
642,642,53033027800,"Census Tract 278, King County, Washington",Burien,3,29,,56.6,,78575,16,50.0,446800,0,44,410,0.93,2010,482544.00000000006,,,None,,None
643,643,53033027900,"Census Tract 279, King County, Washington",Burien,8,54,,26.1,,51250,49,670.0,335400,190,1192,408,0.73,2010,362232.0,,,None,,None
644,644,53033028000,"Census Tract 280, King County, Washington",Burien,9,52,,9.4,,35332,86,494.0,290200,62,1402,151,0.44,2010,313416.0,,,None,,None
645,645,53033028100,"Census Tract 281, King County, Washington",Seatac,16,40,,16.4,,41389,69,127.0,311100,18,524,146,0.27,2010,335988.0,,,None,,None
646,646,53033028200,"Census Tract 282, King County, Washington",Tukwila,10,43,,18.8,,38283,61,478.0,242300,233,828,171,0.43,2010,261684.00000000003,,,None,,None
647,647,53033028300,"Census Tract 283, King County, Washington",Tukwila,3,33,,26.8,,75208,26,172.0,276600,34,100,439,0.49,2010,298728.0,,,None,,None
648,648,53033028402,"Census Tract 284.02, King County, Washington",SeaTac,16,33,,13.6,,40785,55,388.0,279500,26,657,421,0.36,2010,301860.0,,,None,,None
649,649,53033028403,"Census Tract 284.03, King County, Washington",SeaTac,9,52,,12.3,,37108,51,454.0,212500,66,1307,385,0.56,2010,229500.00000000003,,,None,,None
650,650,53033028500,"Census Tract 285, King County, Washington",SeaTac,4,43,,21.9,,45868,52,272.0,297300,37,679,405,0.74,2010,321084.0,,,None,,None
651,651,53033028600,"Census Tract 286, King County, Washington",Normandy Park,3,31,,44.5,,72000,23,166.0,539100,94,462,674,0.86,2010,582228.0,,,None,,None
652,652,53033028700,"Census Tract 287, King County, Washington",De Moines,4,24,,24.4,,71190,12,113.0,300000,0,12,637,0.7,2010,324000.0,,,None,,None
653,653,53033028801,"Census Tract 288.01, King County, Washington",SeaTac,4,37,,14.6,,62865,20,61.0,243600,12,149,230,0.54,2010,263088.0,,,None,,None
654,654,53033028802,"Census Tract 288.02, King County, Washington",SeaTac,13,36,,13.9,,39235,60,502.0,346700,327,1163,201,0.31,2010,374436.0,,,None,,None
655,655,53033028901,"Census Tract 289.01, King County, Washington",Des Moines,5,49,,29.1,,58924,40,246.0,270700,85,742,302,0.78,2010,292356.0,,,None,,None
656,656,53033028902,"Census Tract 289.02, King County, Washington",Des Moines,12,45,,18.6,,43101,61,348.0,247400,394,1469,372,0.44,2010,267192.0,,,None,,None
657,657,53033029001,"Census Tract 290.01, King County, Washington",Des Moines,6,44,,20.2,,76338,14,71.0,310800,128,359,466,0.69,2010,335664.0,,,None,,None
658,658,53033029003,"Census Tract 290.03, King County, Washington",Des Moines,5,32,,11.8,,57033,50,426.0,281800,119,811,490,0.51,2010,304344.0,,,None,,None
659,659,53033029004,"Census Tract 290.04, King County, Washington",Kent,8,42,,9.0,,36772,63,320.0,169300,132,729,271,0.25,2010,182844.0,,,None,,None
660,660,53033029101,"Census Tract 291.01, King County, Washington",kent,7,34,,32.1,,69511,13,51.0,333200,20,305,227,0.42,2010,359856.0,,,None,,None
661,661,53033029102,"Census Tract 291.02, King County, Washington",Kent,6,33,,18.8,,63868,24,153.0,290100,27,210,433,0.62,2010,313308.0,,,None,,None
662,662,53033029203,"Census Tract 292.03, King County, Washington",Kent,11,50,,18.1,,29509,73,313.0,307100,29,756,154,0.49,2010,331668.0,,,None,,None
663,663,53033029204,"Census Tract 292.04, King County, Washington",Kent,8,39,,25.9,,60400,58,776.0,351600,75,1459,574,0.42,2010,379728.0,,,None,,None
664,664,53033029205,"Census Tract 292.05, King County, Washington",Kent,4,56,,28.5,,48271,44,419.0,231700,187,1125,149,0.5,2010,250236.00000000003,,,None,,None
665,665,53033029206,"Census Tract 292.06, King County, Washington",Kent,15,52,,13.3,,29727,82,358.0,145300,159,1496,136,0.42,2010,156924.0,,,None,,None
666,666,53033029303,"Census Tract 293.03, King County, Washington",Renton,8,46,,35.0,,68132,39,603.0,298400,307,969,577,0.52,2010,322272.0,,,None,,None
667,667,53033029304,"Census Tract 293.04, King County, Washington",Renton,6,23,,34.7,,88310,22,193.0,340100,0,395,696,0.69,2010,367308.0,,,None,,None
668,668,53033029305,"Census Tract 293.05, King County, Washington",Renton,3,18,,28.1,,66071,29,54.0,353800,62,51,339,0.59,2010,382104.0,,,None,,None
669,669,53033029306,"Census Tract 293.06, King County, Washington",Renton,5,35,,25.4,,61691,14,23.0,285000,10,175,312,0.74,2010,307800.0,,,None,,None
670,670,53033029307,"Census Tract 293.07, King County, Washington",Renton,4,14,,37.9,,90570,11,128.0,342600,0,0,444,0.75,2010,370008.0,,,None,,None
671,671,53033029403,"Census Tract 294.03, King County, Washington",East Hill Meridian,4,25,,30.0,,67339,25,159.0,340000,32,446,539,0.48,2010,367200.0,,,None,,None
672,672,53033029405,"Census Tract 294.05, King County, Washington",East Hill Meridian,3,13,,32.3,,88542,15,121.0,321900,50,27,766,0.53,2010,347652.0,,,None,,None
673,673,53033029406,"Census Tract 294.06, King County, Washington",East Hill Meridian,2,17,,35.4,,79044,24,192.0,345700,32,168,405,0.46,2010,373356.0,,,None,,None
674,674,53033029407,"Census Tract 294.07, King County, Washington",East Hill Meridian,7,28,,14.7,,37393,57,316.0,261200,177,768,296,0.53,2010,282096.0,,,None,,None
675,675,53033029408,"Census Tract 294.08, King County, Washington",East Hill Meridian,12,30,,19.6,,50549,52,275.0,244400,113,736,312,0.39,2010,263952.0,,,None,,None
676,676,53033029502,"Census Tract 295.02, King County, Washington",Kent,7,13,,24.3,,85814,14,190.0,329900,0,71,780,0.61,2010,356292.0,,,None,,None
677,677,53033029503,"Census Tract 295.03, King County, Washington",Kent,13,45,,19.2,,36225,77,840.0,223500,194,2389,380,0.42,2010,241380.00000000003,,,None,,None
678,678,53033029504,"Census Tract 295.04, King County, Washington",Kent,6,36,,20.9,,47741,77,591.0,236400,78,1421,257,0.51,2010,255312.00000000003,,,None,,None
679,679,53033029601,"Census Tract 296.01, King County, Washington",Kent,9,12,,20.5,,69519,29,227.0,313900,148,346,706,0.54,2010,339012.0,,,None,,None
680,680,53033029602,"Census Tract 296.02, King County, Washington",Muckleshoot Res,4,8,,35.8,,98776,4,37.0,379400,0,0,525,0.63,2010,409752.0,,,None,,None
681,681,53033029700,"Census Tract 297, King County, Washington",Kent,7,44,,18.0,,41625,57,460.0,244900,169,1419,505,0.61,2010,264492.0,,,None,,None
682,682,53033029801,"Census Tract 298.01, King County, Washington",Kent,5,44,,30.3,,64146,51,671.0,341200,60,1359,647,0.63,2010,368496.0,,,None,,None
683,683,53033029802,"Census Tract 298.02, King County, Washington",Lakeland North,4,23,,22.0,,78078,19,176.0,302900,0,146,1136,0.66,2010,327132.0,,,None,,None
684,684,53033029901,"Census Tract 299.01, King County, Washington",lakeland North,5,16,,16.0,,70020,26,204.0,285800,66,125,566,0.65,2010,308664.0,,,None,,None
685,685,53033029902,"Census Tract 299.02, King County, Washington",Muckleshoot Res,6,15,,33.9,,95263,8,100.0,353800,0,0,554,0.69,2010,382104.0,,,None,,None
686,686,53033030003,"Census Tract 300.03, King County, Washington",Des Moines,8,25,,27.5,,65574,34,306.0,330000,88,532,643,0.65,2010,356400.0,,,None,,None
687,687,53033030004,"Census Tract 300.04, King County, Washington",Puyallup Res,16,39,,19.3,,41328,67,684.0,258200,244,1918,370,0.43,2010,278856.0,,,None,,None
688,688,53033030005,"Census Tract 300.05, King County, Washington",Puyallup Res,3,27,,9.7,,51453,20,179.0,233800,32,206,393,0.55,2010,252504.00000000003,,,None,,None
689,689,53033030006,"Census Tract 300.06, King County, Washington",Puyallup Res,12,54,,15.4,,41949,81,402.0,259500,0,1351,180,0.43,2010,280260.0,,,None,,None
690,690,53033030100,"Census Tract 301, King County, Washington",Puyallup Res,5,23,,37.9,,85625,17,109.0,390700,169,132,949,0.74,2010,421956.0,,,None,,None
691,691,53033030201,"Census Tract 302.01, King County, Washington",Puyallup Res,5,31,,19.4,,55070,38,237.0,249800,256,378,386,0.51,2010,269784.0,,,None,,None
692,692,53033030202,"Census Tract 302.02, King County, Washington",Puyallup Res,8,37,,21.8,,52017,37,272.0,264400,113,656,424,0.51,2010,285552.0,,,None,,None
693,693,53033030304,"Census Tract 303.04, King County, Washington",Puyallup Res,2,18,,32.0,,78365,25,98.0,333400,0,86,378,0.68,2010,360072.0,,,None,,None
694,694,53033030305,"Census Tract 303.05, King County, Washington",Puyallup Res,12,41,,26.8,,68833,29,236.0,304200,156,440,540,0.68,2010,328536.0,,,None,,None
695,695,53033030306,"Census Tract 303.06, King County, Washington",Puyallup Res,4,19,,28.5,,78438,16,124.0,317400,125,114,709,0.65,2010,342792.0,,,None,,None
696,696,53033030308,"Census Tract 303.08, King County, Washington",Puyallup Res,8,16,,36.7,,61731,39,419.0,336500,335,544,380,0.4,2010,363420.0,,,None,,None
697,697,53033030309,"Census Tract 303.09, King County, Washington",Puyallup Res,9,49,,38.1,,49685,66,739.0,292600,875,1065,198,0.51,2010,316008.0,,,None,,None
698,698,53033030310,"Census Tract 303.10, King County, Washington",Federal Way,8,31,,30.3,,64913,37,538.0,336500,19,600,507,0.49,2010,363420.0,,,None,,None
699,699,53033030311,"Census Tract 303.11, King County, Washington",Puyallup Res,10,26,,21.3,,62809,26,129.0,271300,0,133,513,0.48,2010,293004.0,,,None,,None
700,700,53033030312,"Census Tract 303.12, King County, Washington",Federal Way,3,35,,30.8,,61071,41,404.0,282100,121,554,327,0.65,2010,304668.0,,,None,,None
701,701,53033030313,"Census Tract 303.13, King County, Washington",Puyallup Res,9,51,,22.3,,42321,59,282.0,136000,136,886,157,0.55,2010,146880.0,,,None,,None
702,702,53033030314,"Census Tract 303.14, King County, Washington",Puyallup Res,12,46,,19.8,,35355,48,179.0,209100,349,915,215,0.61,2010,225828.00000000003,,,None,,None
703,703,53033030401,"Census Tract 304.01, King County, Washington",Lakeland Sputh,3,30,,26.0,,67412,33,447.0,302100,85,573,737,0.7,2010,326268.0,,,None,,None
704,704,53033030403,"Census Tract 304.03, King County, Washington",Puyallup Res,4,25,,24.7,,74615,9,61.0,297100,0,31,400,0.6,2010,320868.0,,,None,,None
705,705,53033030404,"Census Tract 304.04, King County, Washington",Lakeland Sputh,5,21,,23.6,,75208,5,29.0,335300,0,9,579,0.79,2010,362124.0,,,None,,None
706,706,53033030501,"Census Tract 305.01, King County, Washington",Muckleshoot Res,13,71,,8.9,,19946,81,135.0,240600,61,525,112,0.79,2010,259848.00000000003,,,None,,None
707,707,53033030503,"Census Tract 305.03, King County, Washington",Muckleshoot Res,9,57,,10.9,,39471,65,438.0,114000,306,656,82,0.6,2010,123120.00000000001,,,None,,None
708,708,53033030504,"Census Tract 305.04, King County, Washington",Muckleshoot Res,4,47,,12.7,,37500,59,369.0,182900,312,622,232,0.57,2010,197532.0,,,None,,None
709,709,53033030600,"Census Tract 306, King County, Washington",Muckleshoot Res,4,44,,15.9,,42571,51,210.0,257300,113,614,400,0.78,2010,277884.0,,,None,,None
710,710,53033030700,"Census Tract 307, King County, Washington",Muckleshoot Res,10,40,,10.6,,36932,67,297.0,246800,186,443,226,0.65,2010,266544.0,,,None,,None
711,711,53033030801,"Census Tract 308.01, King County, Washington",Muckleshoot Res,4,35,,7.8,,38574,43,442.0,30000,488,368,258,0.57,2010,32400.000000000004,,,None,,None
712,712,53033030802,"Census Tract 308.02, King County, Washington",Muckleshoot Res,11,29,,11.4,,45687,55,197.0,248800,94,458,383,0.74,2010,268704.0,,,None,,None
713,713,53033030901,"Census Tract 309.01, King County, Washington",Algona,3,17,,10.2,,60750,30,175.0,237300,40,0,342,0.59,2010,256284.00000000003,,,None,,None
714,714,53033030902,"Census Tract 309.02, King County, Washington",Pacific,1,34,,7.8,,49795,53,338.0,246200,241,433,525,0.63,2010,265896.0,,,None,,None
715,715,53033031000,"Census Tract 310, King County, Washington",Auburn,5,22,,37.0,,92333,11,54.0,364700,10,175,324,0.75,2010,393876.0,,,None,,None
716,716,53033031100,"Census Tract 311, King County, Washington",Muckleshoot Res,8,40,,12.2,,49016,46,413.0,222000,346,744,563,0.6,2010,239760.00000000003,,,None,,None
717,717,53033031202,"Census Tract 312.02, King County, Washington",Muckleshoot Res,5,16,,29.6,,91069,7,13.0,473100,0,0,954,0.75,2010,510948.00000000006,,,None,,None
718,718,53033031204,"Census Tract 312.04, King County, Washington",Lake Holm,1,19,,21.4,,81726,19,169.0,357100,0,143,1087,0.85,2010,385668.0,,,None,,None
719,719,53033031205,"Census Tract 312.05, King County, Washington",Muckleshoot Res,4,27,,29.9,,71449,25,159.0,312500,69,484,626,0.74,2010,337500.0,,,None,,None
720,720,53033031206,"Census Tract 312.06, King County, Washington",Muckleshoot Res,6,36,,24.3,,58438,38,246.0,261200,10,544,401,0.66,2010,282096.0,,,None,,None
721,721,53033031301,"Census Tract 313.01, King County, Washington",Muckleshoot Res,1,32,,18.9,,74100,14,31.0,377300,0,0,462,0.92,2010,407484.0,,,None,,None
722,722,53033031302,"Census Tract 313.02, King County, Washington",Enumclaw,1,29,,21.8,,65241,33,167.0,285900,231,84,619,0.86,2010,308772.0,,,None,,None
723,723,53033031400,"Census Tract 314, King County, Washington",Enumclaw,2,38,,17.0,,57220,35,328.0,279800,63,550,680,0.94,2010,302184.0,,,None,,None
724,724,53033031501,"Census Tract 315.01, King County, Washington",Ravensdale,0,24,,16.0,,75500,17,45.0,387800,0,0,689,0.89,2010,418824.0,,,None,,None
725,725,53033031502,"Census Tract 315.02, King County, Washington",Ravensdale,0,33,,24.7,,65255,18,75.0,346800,79,135,752,0.94,2010,374544.0,,,None,,None
726,726,53033031601,"Census Tract 316.01, King County, Washington",Lake Morton Berrydale,4,18,,28.7,,105605,3,0.0,383100,0,9,845,0.92,2010,413748.0,,,None,,None
727,727,53033031603,"Census Tract 316.03, King County, Washington",Black Diamond,3,24,,30.2,,90676,9,19.0,342800,0,0,726,0.88,2010,370224.0,,,None,,None
728,728,53033031604,"Census Tract 316.04, King County, Washington",Maple Valley,1,16,,41.2,,93380,15,120.0,345500,0,0,375,0.78,2010,373140.0,,,None,,None
729,729,53033031605,"Census Tract 316.05, King County, Washington",Black Diamond,3,28,,30.0,,83362,9,24.0,411400,0,0,511,0.87,2010,444312.00000000006,,,None,,None
730,730,53033031703,"Census Tract 317.03, King County, Washington",Kent,4,33,,37.6,,73304,15,135.0,350900,51,177,676,0.76,2010,378972.0,,,None,,None
731,731,53033031704,"Census Tract 317.04, King County, Washington",Kent,4,24,,31.3,,78750,25,94.0,333400,11,304,485,0.65,2010,360072.0,,,None,,None
732,732,53033031705,"Census Tract 317.05, King County, Washington",Covington,1,15,,30.5,,92456,4,47.0,345400,0,0,518,0.85,2010,373032.0,,,None,,None
733,733,53033031706,"Census Tract 317.06, King County, Washington",Covington,5,21,,27.4,,83663,16,130.0,330800,8,209,715,0.76,2010,357264.0,,,None,,None
734,734,53033031800,"Census Tract 318, King County, Washington",East Hill Meridian,3,30,,33.3,,86798,13,160.0,386100,9,9,861,0.77,2010,416988.0,,,None,,None
735,735,53033031903,"Census Tract 319.03, King County, Washington",East Renton Highlands,6,18,,31.2,,77154,8,130.0,351000,0,18,958,0.8,2010,379080.0,,,None,,None
736,736,53033031904,"Census Tract 319.04, King County, Washington",East Renton Highlands,2,24,,37.4,,98869,7,39.0,477200,0,11,421,0.85,2010,515376.00000000006,,,None,,None
737,737,53033031906,"Census Tract 319.06, King County, Washington",Maple heights-Lake Desire,3,24,,37.5,,111166,5,23.0,519200,0,0,530,0.71,2010,560736.0,,,None,,None
738,738,53033031907,"Census Tract 319.07, King County, Washington",Fairwood,3,25,,44.1,,91432,6,106.0,361600,35,232,712,0.53,2010,390528.0,,,None,,None
739,739,53033031908,"Census Tract 319.08, King County, Washington",,10,40,,34.8,,63103,49,415.0,333800,114,1129,283,0.57,2010,360504.0,,,None,,None
740,740,53033031909,"Census Tract 319.09, King County, Washington",,6,22,,46.1,,104138,20,91.0,396700,30,177,413,0.56,2010,428436.0,,,None,,None
741,741,53033032002,"Census Tract 320.02, King County, Washington",Hobart,3,26,,23.8,,86667,19,94.0,441600,0,0,539,0.86,2010,476928.00000000006,,,None,,None
742,742,53033032003,"Census Tract 320.03, King County, Washington",Hobart,1,26,,31.8,,108654,8,107.0,545000,0,0,913,0.93,2010,588600.0,,,None,,None
743,743,53033032005,"Census Tract 320.05, King County, Washington",Covinton,4,19,,14.5,,65981,17,179.0,274600,0,38,692,0.72,2010,296568.0,,,None,,None
744,744,53033032006,"Census Tract 320.06, King County, Washington",Lake Morton Berrydale,1,20,,29.4,,86458,9,44.0,372900,0,10,681,0.96,2010,402732.0,,,None,,None
745,745,53033032007,"Census Tract 320.07, King County, Washington",Shadow Lake,1,30,,28.7,,88229,29,138.0,424800,25,273,407,0.87,2010,458784.00000000006,,,None,,None
746,746,53033032008,"Census Tract 320.08, King County, Washington",Maple Valley,4,22,,35.8,,93542,4,20.0,316800,36,0,538,0.81,2010,342144.0,,,None,,None
747,747,53033032010,"Census Tract 320.10, King County, Washington",Maple Valley,3,21,,49.4,,88472,17,156.0,361000,11,193,326,0.85,2010,389880.0,,,None,,None
748,748,53033032011,"Census Tract 320.11, King County, Washington",Maple Valley,3,18,,46.6,,100103,7,16.0,366000,0,0,305,0.88,2010,395280.0,,,None,,None
749,749,53033032102,"Census Tract 321.02, King County, Washington",Mirrormont,5,18,,43.7,,101647,3,28.0,537500,0,12,709,0.93,2010,580500.0,,,None,,None
757,757,53033032212,"Census Tract 322.12, King County, Washington",Klahanie,5,17,,63.8,,105357,29,358.0,487200,114,625,345,0.63,2010,526176.0,,,None,,None
769,769,53033032319,"Census Tract 323.19, King County, Washington",Woodinville,4,55,,32.6,,53613,61,713.0,405900,154,1396,359,0.74,2010,438372.0,,,None,,None
771,771,53033032321,"Census Tract 323.21, King County, Washington",Cottage Lake,3,9,,65.5,,143750,9,65.0,760500,0,45,624,0.73,2010,821340.0,,,None,,None
772,772,53033032322,"Census Tract 323.22, King County, Washington",Cottage Lake,1,14,,69.9,,135972,6,9.0,581400,0,10,396,0.74,2010,627912.0,,,None,,None
776,776,53033032326,"Census Tract 323.26, King County, Washington",Cottage Lake,2,19,,63.2,,132813,9,29.0,783800,0,58,341,0.86,2010,846504.0,,,None,,None
777,777,53033032327,"Census Tract 323.27, King County, Washington",Union Hill Novelty Hill,3,32,,58.7,,97575,4,0.0,631200,0,0,276,0.94,2010,681696.0,,,None,,None
778,778,53033032328,"Census Tract 323.28, King County, Washington",Union Hill Novelty Hill,2,21,,64.9,,121806,4,50.0,626200,0,0,508,0.85,2010,676296.0,,,None,,None
779,779,53033032329,"Census Tract 323.29, King County, Washington",Union Hill Novelty Hill,4,19,,71.4,,115230,23,352.0,519300,42,545,370,0.61,2010,560844.0,,,None,,None
780,780,53033032401,"Census Tract 324.01, King County, Washington",Duvall,3,19,,33.0,,98323,8,111.0,457100,27,36,798,0.86,2010,493668.00000000006,,,None,,None
781,781,53033032402,"Census Tract 324.02, King County, Washington",Duvall,3,18,,41.0,,103456,5,69.0,398300,16,24,821,0.89,2010,430164.0,,,None,,None
782,782,53033032500,"Census Tract 325, King County, Washington",Carnation,1,19,,38.8,,80494,15,102.0,437900,64,2,774,0.83,2010,472932.00000000006,,,None,,None
783,783,53033032601,"Census Tract 326.01, King County, Washington",Fall City,8,19,,25.8,,75417,22,172.0,410400,45,0,541,0.81,2010,443232.00000000006,,,None,,None
784,784,53033032602,"Census Tract 326.02, King County, Washington",Snoqualmie,2,14,,57.7,,118036,15,227.0,498200,58,195,660,0.82,2010,538056.0,,,None,,None
785,785,53033032702,"Census Tract 327.02, King County, Washington",North Bend,1,26,,34.5,,102729,15,148.0,376800,38,248,837,0.92,2010,406944.0,,,None,,None
786,786,53033032703,"Census Tract 327.03, King County, Washington",Snoqualmieres,5,32,,29.4,,72750,27,141.0,334600,92,0,199,0.75,2010,361368.0,,,None,,None
787,787,53033032704,"Census Tract 327.04, King County, Washington",North Bend,2,30,,34.8,,68690,32,248.0,428200,147,364,789,0.94,2010,462456.00000000006,,,None,,None
