,Unnamed: 0,Id,Geography,City,Percentage: Public transportation (excluding taxicab),Percentage: Nonfamily household,Married-couple family household with own children ,Percentage: bachelors degree or higher,Population 25 years and over,Median income,Percentage: Renter-occupied housing units,Renter Occupied Units,Renter-occupied housing units; MONTHLY HOUSING COSTS AS A PERCENTAGE OF HOUSEHOLD INCOME IN THE PAST 12 MONTHS - 30 percent or more,Median House value (dollars),Dwelling Units: - 3 or 4,Dwelling Units: -5 or more, 3 or more vehicles available,Percentage: Not Hispanic or Latino: - White ,Year,inflation_adj_median_house_value,increase_in_edu_attainment_2015,increase_in_house_value_2015,def_1,increase_in_home_price_distribution_2015,def_2
0,0,53033000100,"Census Tract 1, King County, Washington",Seattle,20,58,504.0,45.0,4454.0,44951,68,2319.0,26.2,410700,269,2170,405,0.58,2015,,-1.8999999999999986,-86600.0,EligibleForGentrification,false,NotCurrentlyGentrifying
1,1,53033000200,"Census Tract 2, King County, Washington",Seattle,17,42,473.0,52.7,5782.0,56208,46,1655.0,42.4,342400,97,1456,383,0.57,2015,,3.4000000000000057,-16300.0,EligibleForGentrification,false,NotCurrentlyGentrifying
2,2,53033000300,"Census Tract 3, King County, Washington",Seattle,22,45,147.0,33.1,1919.0,64297,44,479.0,37.0,336300,27,174,143,0.71,2015,,-4.899999999999999,-10200.0,EligibleForGentrification,false,NotCurrentlyGentrifying
3,3,53033000401,"Census Tract 4.01, King County, Washington",Seattle,14,65,177.0,39.4,4491.0,32472,70,2324.0,32.3,291400,88,2780,129,0.55,2015,,9.799999999999997,-50700.0,EligibleForGentrification,false,NotCurrentlyGentrifying
4,4,53033000402,"Census Tract 4.02, King County, Washington",Seattle,15,60,274.0,53.3,3542.0,62726,54,1251.0,45.5,405400,84,1044,410,0.77,2015,,12.5,18000.0,EligibleForGentrification,false,NotCurrentlyGentrifying
5,5,53033000500,"Census Tract 5, King County, Washington",Seattle,10,24,243.0,70.8,2542.0,125400,5,63.0,0.0,568400,0,0,272,0.86,2015,,8.5,-27700.0,NotEligibleForGentrification,false,NotCurrentlyGentrifying
6,6,53033000600,"Census Tract 6, King County, Washington",Seattle,18,46,513.0,46.0,5608.0,60131,48,1595.0,21.9,365000,68,1261,435,0.62,2015,,9.0,-1500.0,EligibleForGentrification,false,NotCurrentlyGentrifying
7,7,53033000700,"Census Tract 7, King County, Washington",Seattle,28,51,319.0,51.7,3505.0,51741,50,1087.0,28.0,323700,103,1054,222,0.57,2015,,-0.7999999999999972,-44100.0,EligibleForGentrification,false,NotCurrentlyGentrifying
8,8,53033000800,"Census Tract 8, King County, Washington",Seattle,17,35,197.0,59.7,2270.0,87222,26,269.0,37.9,419900,0,64,175,0.83,2015,,10.800000000000004,15700.0,HaveGentrified,false,NotCurrentlyGentrifying
9,9,53033000900,"Census Tract 9, King County, Washington",Seattle,15,36,200.0,76.9,1523.0,125109,16,138.0,31.9,628400,0,19,171,0.82,2015,,8.100000000000009,-58200.0,NotEligibleForGentrification,false,NotCurrentlyGentrifying
10,10,53033001000,"Census Tract 10, King County, Washington",Seattle,24,36,118.0,54.2,1100.0,69643,48,384.0,14.8,415500,23,207,115,0.55,2015,,-6.5,-8500.0,EligibleForGentrification,false,NotCurrentlyGentrifying
11,11,53033001100,"Census Tract 11, King County, Washington",Seattle,22,42,220.0,60.9,1885.0,64549,34,372.0,41.7,395500,8,209,189,0.69,2015,,-3.500000000000007,-36400.0,EligibleForGentrification,false,NotCurrentlyGentrifying
12,12,53033001200,"Census Tract 12, King County, Washington",Seattle,26,67,372.0,44.4,4300.0,31863,74,2645.0,29.5,311900,77,2713,235,0.6,2015,,3.6999999999999957,-3100.0,EligibleForGentrification,false,NotCurrentlyGentrifying
13,13,53033001300,"Census Tract 13, King County, Washington",Seattle,19,54,276.0,52.8,3223.0,56744,56,1213.0,26.8,306300,27,1026,215,0.6,2015,,16.099999999999994,-50400.0,EligibleForGentrification,false,NotCurrentlyGentrifying
14,14,53033001400,"Census Tract 14, King County, Washington",Seattle,14,38,441.0,54.4,3667.0,72428,42,919.0,32.3,414100,78,513,495,0.79,2015,,13.600000000000001,3800.0,EligibleForGentrification,false,NotCurrentlyGentrifying
15,15,53033001500,"Census Tract 15, King County, Washington",Seattle,13,45,177.0,69.9,1935.0,95927,21,237.0,15.2,585200,28,61,212,0.92,2015,,7.200000000000003,-9000.0,NotEligibleForGentrification,false,NotCurrentlyGentrifying
16,16,53033001600,"Census Tract 16, King County, Washington",Seattle,14,38,362.0,61.4,3172.0,96193,22,380.0,16.3,657200,31,225,406,0.82,2015,,5.199999999999996,64600.0,NotEligibleForGentrification,false,NotCurrentlyGentrifying
17,17,53033001701,"Census Tract 17.01, King County, Washington",Seattle,21,59,323.0,59.6,2816.0,65188,56,1105.0,14.1,313500,40,1080,175,0.67,2015,,-0.5,-34400.0,EligibleForGentrification,false,NotCurrentlyGentrifying
18,18,53033001702,"Census Tract 17.02, King County, Washington",Seattle,29,60,311.0,49.3,3784.0,62786,46,954.0,32.2,378700,37,682,250,0.75,2015,,11.699999999999996,1300.0,EligibleForGentrification,false,NotCurrentlyGentrifying
19,19,53033001800,"Census Tract 18, King County, Washington",Seattle,23,56,335.0,59.4,3120.0,87159,50,1122.0,18.8,370200,387,465,315,0.7,2015,,-6.800000000000004,-6600.0,NotEligibleForGentrification,false,NotCurrentlyGentrifying
20,20,53033001900,"Census Tract 19, King County, Washington",Seattle,19,59,283.0,54.4,2747.0,61391,42,907.0,38.0,374700,17,913,238,0.69,2015,,-2.1000000000000014,-29000.0,EligibleForGentrification,false,NotCurrentlyGentrifying
21,21,53033002000,"Census Tract 20, King County, Washington",Seattle,14,49,316.0,64.9,2519.0,80400,42,667.0,40.6,442200,0,453,225,0.84,2015,,-1.1999999999999886,19500.0,NotEligibleForGentrification,false,NotCurrentlyGentrifying
22,22,53033002100,"Census Tract 21, King County, Washington",Seattle,15,43,359.0,66.2,2606.0,85759,31,530.0,34.9,448500,56,280,286,0.75,2015,,-1.0,16300.0,NotEligibleForGentrification,false,NotCurrentlyGentrifying
23,23,53033002200,"Census Tract 22, King County, Washington",Seattle,16,25,696.0,74.1,3924.0,132981,8,163.0,46.6,569900,0,199,335,0.79,2015,,3.5999999999999943,-42100.0,NotEligibleForGentrification,false,NotCurrentlyGentrifying
24,24,53033002400,"Census Tract 24, King County, Washington",Seattle,18,36,279.0,66.7,2061.0,103917,29,358.0,35.2,470600,52,102,214,0.8,2015,,-8.799999999999997,-28900.0,NotEligibleForGentrification,false,NotCurrentlyGentrifying
25,25,53033002500,"Census Tract 25, King County, Washington",Seattle,19,44,329.0,70.5,2144.0,101413,27,342.0,30.1,457000,58,126,179,0.87,2015,,-5.299999999999997,-21700.0,NotEligibleForGentrification,false,NotCurrentlyGentrifying
26,26,53033002600,"Census Tract 26, King County, Washington",Seattle,22,41,486.0,71.1,3253.0,91458,34,661.0,50.6,546400,33,363,275,0.81,2015,,-4.1000000000000085,28200.0,NotEligibleForGentrification,false,NotCurrentlyGentrifying
27,27,53033002700,"Census Tract 27, King County, Washington",Seattle,24,43,518.0,69.9,3769.0,111661,32,750.0,21.5,538300,22,241,365,0.77,2015,,-2.5,-2200.0,NotEligibleForGentrification,false,NotCurrentlyGentrifying
28,28,53033002800,"Census Tract 28, King County, Washington",Seattle,22,46,509.0,72.3,3199.0,90568,42,852.0,49.6,510400,195,499,265,0.85,2015,,1.5999999999999943,45600.0,NotEligibleForGentrification,true,HaveGentrified
29,29,53033002900,"Census Tract 29, King County, Washington",Seattle,17,44,496.0,69.6,3200.0,103750,35,653.0,29.0,492300,63,270,221,0.89,2015,,2.799999999999997,22900.0,NotEligibleForGentrification,true,HaveGentrified
30,30,53033003000,"Census Tract 30, King County, Washington",Seattle,18,46,569.0,65.9,4140.0,90789,35,848.0,32.3,496900,61,281,350,0.85,2015,,3.1000000000000085,32600.0,NotEligibleForGentrification,true,HaveGentrified
31,31,53033003100,"Census Tract 31, King County, Washington",Seattle,17,37,660.0,66.2,4619.0,101397,21,536.0,34.8,497100,0,203,373,0.88,2015,,2.6000000000000014,-15200.0,NotEligibleForGentrification,false,NotCurrentlyGentrifying
32,32,53033003200,"Census Tract 32, King County, Washington",Seattle,17,55,711.0,70.2,5959.0,79681,49,1938.0,21.2,568000,210,1448,420,0.85,2015,,12.200000000000003,18900.0,HaveGentrified,false,NotCurrentlyGentrifying
33,33,53033003300,"Census Tract 33, King County, Washington",Seattle,18,50,469.0,67.5,4713.0,85595,55,1742.0,24.6,452200,287,979,294,0.85,2015,,12.299999999999997,-11000.0,NotEligibleForGentrification,false,NotCurrentlyGentrifying
34,34,53033003400,"Census Tract 34, King County, Washington",Seattle,12,36,355.0,76.9,2539.0,97500,35,531.0,33.8,533300,191,84,198,0.86,2015,,12.900000000000006,-5900.0,NotEligibleForGentrification,false,NotCurrentlyGentrifying
35,35,53033003500,"Census Tract 35, King County, Washington",Seattle,19,51,377.0,69.1,3095.0,81563,45,822.0,25.5,571000,58,582,210,0.82,2015,,1.6999999999999886,-27300.0,NotEligibleForGentrification,false,NotCurrentlyGentrifying
36,36,53033003600,"Census Tract 36, King County, Washington",Seattle,29,77,265.0,79.1,4213.0,65172,73,2344.0,38.9,581800,95,1913,325,0.76,2015,,10.0,90500.0,HaveGentrified,false,NotCurrentlyGentrifying
37,37,53033003800,"Census Tract 38, King County, Washington",Seattle,19,43,216.0,68.9,1463.0,96310,29,247.0,33.7,543100,23,169,121,0.77,2015,,-4.199999999999989,-11400.0,NotEligibleForGentrification,false,NotCurrentlyGentrifying
38,38,53033003900,"Census Tract 39, King County, Washington",Seattle,8,31,378.0,68.7,1878.0,110458,26,303.0,20.8,573700,0,137,259,0.82,2015,,2.4000000000000057,28400.0,NotEligibleForGentrification,false,NotCurrentlyGentrifying
39,39,53033004000,"Census Tract 40, King County, Washington",Seattle,16,43,285.0,78.2,2156.0,75714,36,481.0,20.1,663500,7,695,197,0.73,2015,,10.0,90600.0,HaveGentrified,false,NotCurrentlyGentrifying
40,40,53033004100,"Census Tract 41, King County, Washington",Seattle,10,26,888.0,81.1,5124.0,132917,34,979.0,26.1,932600,230,427,640,0.82,2015,,-4.400000000000006,7600.0,NotEligibleForGentrification,false,NotCurrentlyGentrifying
41,41,53033004200,"Census Tract 42, King County, Washington",Seattle,14,37,1010.0,80.4,5526.0,110091,25,802.0,33.0,623600,97,439,427,0.81,2015,,-0.19999999999998863,35700.0,NotEligibleForGentrification,false,NotCurrentlyGentrifying
42,42,53033004301,"Census Tract 43.01, King County, Washington",Seattle,22,51,326.0,77.2,2238.0,64797,46,643.0,50.5,579400,5,531,119,0.7,2015,,2.0,79400.0,NotEligibleForGentrification,false,NotCurrentlyGentrifying
43,43,53033004400,"Census Tract 44, King County, Washington",Seattle,27,73,221.0,78.4,2687.0,50500,75,1322.0,25.4,592800,235,1317,346,0.76,2015,,3.5,-34700.0,NotEligibleForGentrification,false,NotCurrentlyGentrifying
44,44,53033004500,"Census Tract 45, King County, Washington",Seattle,29,51,192.0,70.8,1980.0,88914,38,1787.0,23.4,504100,27,33,201,0.79,2015,,1.2000000000000028,-28300.0,NotEligibleForGentrification,false,NotCurrentlyGentrifying
45,45,53033004600,"Census Tract 46, King County, Washington",Seattle,16,38,353.0,80.1,2321.0,113906,32,390.0,20.2,643200,63,135,187,0.84,2015,,4.599999999999994,27600.0,NotEligibleForGentrification,false,NotCurrentlyGentrifying
46,46,53033004700,"Census Tract 47, King County, Washington",Seattle,22,68,392.0,64.7,4768.0,72396,79,451.0,28.0,427200,286,3947,23,0.82,2015,,8.600000000000001,72300.0,EligibleForGentrification,false,NotCurrentlyGentrifying
47,47,53033004800,"Census Tract 48, King County, Washington",Seattle,21,54,338.0,72.8,3544.0,93155,42,3908.0,10.7,535100,220,352,427,0.89,2015,,9.199999999999996,40500.0,HaveGentrified,false,NotCurrentlyGentrifying
48,48,53033004900,"Census Tract 49, King County, Washington",Seattle,33,69,280.0,77.4,4751.0,71809,77,898.0,27.9,510500,231,2119,249,0.82,2015,,1.8000000000000114,26600.0,NotEligibleForGentrification,false,NotCurrentlyGentrifying
49,49,53033005000,"Census Tract 50, King County, Washington",Seattle,27,63,191.0,77.4,3302.0,65625,71,2775.0,37.7,562300,166,1155,102,0.86,2015,,21.10000000000001,800.0,NotEligibleForGentrification,false,NotCurrentlyGentrifying
50,50,53033005100,"Census Tract 51, King County, Washington",Seattle,16,44,315.0,77.4,2701.0,99083,36,1345.0,34.1,649000,95,269,183,0.82,2015,,-0.7999999999999972,8500.0,NotEligibleForGentrification,false,NotCurrentlyGentrifying
51,51,53033005200,"Census Tract 52, King County, Washington",Seattle,28,74,229.0,69.0,2801.0,38487,76,591.0,21.7,450500,167,1979,187,0.57,2015,,-0.4000000000000057,4800.0,NotEligibleForGentrification,false,NotCurrentlyGentrifying
52,52,53033005301,"Census Tract 53.01, King County, Washington",Seattle,35,89,9.0,47.5,2054.0,12269,97,2170.0,20.4,145000,61,2708,81,0.51,2015,,-17.700000000000003,-80000.0,EligibleForGentrification,false,NotCurrentlyGentrifying
53,53,53033005400,"Census Tract 54, King County, Washington",Seattle,23,67,269.0,78.8,3323.0,84728,54,2592.0,28.9,460400,269,1178,185,0.8,2015,,0.09999999999999432,-11500.0,NotEligibleForGentrification,false,NotCurrentlyGentrifying
54,54,53033005600,"Census Tract 56, King County, Washington",Seattle,10,24,789.0,76.9,4739.0,157292,8,122.0,22.5,714400,0,0,483,0.87,2015,,1.1000000000000085,-90400.0,NotEligibleForGentrification,false,NotCurrentlyGentrifying
55,55,53033005700,"Census Tract 57, King County, Washington",Seattle,15,39,620.0,67.5,4523.0,90951,37,1507.0,27.3,605300,100,551,456,0.83,2015,,-2.5999999999999943,13000.0,NotEligibleForGentrification,false,NotCurrentlyGentrifying
56,56,53033005801,"Census Tract 58.01, King County, Washington",Seattle,18,65,277.0,55.8,3878.0,66563,60,201.0,37.2,459200,162,1513,194,0.72,2015,,-4.800000000000004,50600.0,NotEligibleForGentrification,false,NotCurrentlyGentrifying
57,57,53033005802,"Census Tract 58.02, King County, Washington",Seattle,17,69,232.0,68.2,3623.0,62639,63,1004.0,27.8,470700,365,1522,194,0.74,2015,,6.300000000000004,-37300.0,NotEligibleForGentrification,false,NotCurrentlyGentrifying
58,58,53033005900,"Census Tract 59, King County, Washington",Seattle,7,47,444.0,77.5,4113.0,87667,43,1567.0,40.5,671100,120,725,370,0.81,2015,,13.400000000000006,38400.0,HaveGentrified,false,NotCurrentlyGentrifying
59,59,53033006000,"Census Tract 60, King County, Washington",Seattle,24,59,366.0,73.4,3718.0,96538,47,1695.0,32.0,576500,269,1035,262,0.85,2015,,3.0,-74100.0,NotEligibleForGentrification,false,NotCurrentlyGentrifying
60,60,53033006100,"Census Tract 61, King County, Washington",Seattle,21,65,244.0,78.6,3938.0,76980,62,1137.0,31.8,637800,290,1478,181,0.81,2015,,8.399999999999991,19700.0,HaveGentrified,false,NotCurrentlyGentrifying
61,61,53033006200,"Census Tract 62, King County, Washington",Seattle,21,30,359.0,83.9,2992.0,131429,20,1183.0,21.8,772800,10,150,201,0.83,2015,,4.6000000000000085,-18900.0,NotEligibleForGentrification,false,NotCurrentlyGentrifying
62,62,53033006300,"Census Tract 63, King County, Washington",Seattle,11,46,427.0,78.6,4020.0,132000,39,1822.0,21.6,1050700,112,1151,298,0.84,2015,,-0.8000000000000114,86400.0,NotEligibleForGentrification,false,NotCurrentlyGentrifying
63,63,53033006400,"Census Tract 64, King County, Washington",Seattle,14,35,395.0,83.1,2421.0,154868,22,312.0,21.5,879600,23,99,158,0.87,2015,,9.0,38100.0,HaveGentrified,false,NotCurrentlyGentrifying
64,64,53033006500,"Census Tract 65, King County, Washington",Seattle,15,63,276.0,73.6,3197.0,98617,57,960.0,20.8,833600,190,1246,154,0.9,2015,,-0.30000000000001137,68400.0,NotEligibleForGentrification,false,NotCurrentlyGentrifying
65,65,53033006600,"Census Tract 66, King County, Washington",Seattle,26,73,95.0,75.1,2692.0,82154,81,289.0,28.0,472900,304,1659,0,0.75,2015,,6.5,-77700.0,NotEligibleForGentrification,false,NotCurrentlyGentrifying
66,66,53033006700,"Census Tract 67, King County, Washington",Seattle,21,69,389.0,72.5,5440.0,88719,69,1387.0,23.8,401300,257,3660,126,0.69,2015,,3.799999999999997,-30200.0,NotEligibleForGentrification,false,NotCurrentlyGentrifying
67,67,53033006800,"Census Tract 68, King County, Washington",Seattle,15,50,367.0,77.4,1987.0,98750,53,1753.0,21.1,766200,161,545,150,0.85,2015,,-1.5999999999999943,40500.0,NotEligibleForGentrification,false,NotCurrentlyGentrifying
68,68,53033006900,"Census Tract 69, King County, Washington",Seattle,17,50,474.0,73.6,2943.0,100172,47,2950.0,33.6,717300,284,783,166,0.87,2015,,6.8999999999999915,72400.0,HaveGentrified,false,NotCurrentlyGentrifying
69,69,53033007000,"Census Tract 70, King County, Washington",Seattle,28,76,144.0,66.6,5872.0,67572,73,740.0,24.1,402000,48,4775,111,0.77,2015,,-3.4000000000000057,14900.0,EligibleForGentrification,false,NotCurrentlyGentrifying
70,70,53033007100,"Census Tract 71, King County, Washington",Seattle,24,78,97.0,69.4,2171.0,74143,81,1021.0,24.4,285100,92,2495,7,0.73,2015,,6.1000000000000085,-23900.0,EligibleForGentrification,false,NotCurrentlyGentrifying
71,71,53033007200,"Census Tract 72, King County, Washington",Seattle,23,80,134.0,68.0,3093.0,74559,88,3727.0,21.1,367200,0,5148,79,0.58,2015,,9.299999999999997,5500.0,EligibleForGentrification,false,NotCurrentlyGentrifying
72,72,53033007300,"Census Tract 73, King County, Washington",Seattle,15,80,64.0,60.2,2832.0,76582,88,2025.0,21.7,464700,16,4165,0,0.66,2015,,14.300000000000004,88900.0,HaveGentrified,true,HaveGentrified
73,73,53033007401,"Census Tract 74.01, King County, Washington",Seattle,28,82,33.0,68.9,3260.0,67834,77,4251.0,18.2,263400,39,3360,52,0.73,2015,,6.000000000000007,-40400.0,EligibleForGentrification,false,NotCurrentlyGentrifying
74,74,53033007402,"Census Tract 74.02, King County, Washington",Seattle,28,90,80.0,57.7,4053.0,41842,79,3322.0,37.9,281300,51,3554,58,0.66,2015,,8.300000000000004,-29500.0,EligibleForGentrification,false,NotCurrentlyGentrifying
75,75,53033007500,"Census Tract 75, King County, Washington",Seattle,27,77,300.0,67.0,4960.0,63419,81,2693.0,28.4,483000,289,3750,0,0.68,2015,,2.0999999999999943,82200.0,NotEligibleForGentrification,true,HaveGentrified
76,76,53033007600,"Census Tract 76, King County, Washington",Seattle,34,70,197.0,70.9,2894.0,68199,66,2715.0,27.9,471900,145,1230,70,0.73,2015,,7.300000000000004,31600.0,HaveGentrified,true,HaveGentrified
77,77,53033007700,"Census Tract 77, King County, Washington",Seattle,29,52,368.0,65.1,2977.0,104632,45,3970.0,32.9,431000,96,600,241,0.71,2015,,1.3999999999999915,-40200.0,NotEligibleForGentrification,false,NotCurrentlyGentrifying
78,78,53033007800,"Census Tract 78, King County, Washington",Seattle,17,33,550.0,79.1,3972.0,137358,24,1320.0,27.8,740300,29,160,259,0.67,2015,,-2.1000000000000085,-100500.0,NotEligibleForGentrification,false,NotCurrentlyGentrifying
79,79,53033007900,"Census Tract 79, King County, Washington",Seattle,26,74,139.0,66.7,3999.0,57786,68,1008.0,22.0,403400,112,2116,161,0.72,2015,,12.0,36100.0,EligibleForGentrification,false,NotCurrentlyGentrifying
80,80,53033008001,"Census Tract 80.01, King County, Washington",Seattle,16,72,252.0,67.0,4334.0,88068,73,530.0,15.8,378400,0,4175,38,0.65,2015,,-2.0,-32500.0,NotEligibleForGentrification,false,NotCurrentlyGentrifying
81,81,53033008002,"Census Tract 80.02, King County, Washington",Seattle,15,81,47.0,50.4,2327.0,37466,81,2122.0,12.6,463600,0,2421,16,0.7,2015,,-7.399999999999999,-226800.0,NotEligibleForGentrification,false,NotCurrentlyGentrifying
82,82,53033008100,"Census Tract 81, King County, Washington",Seattle,18,71,61.0,52.2,3981.0,75531,80,2907.0,19.7,598600,0,3251,0,0.64,2015,,4.300000000000004,116200.0,NotEligibleForGentrification,false,NotCurrentlyGentrifying
83,83,53033008200,"Census Tract 82, King County, Washington",Seattle,18,77,46.0,66.9,2551.0,56318,86,1825.0,17.1,503600,17,2810,6,0.64,2015,,7.6000000000000085,212200.0,HaveGentrified,true,HaveGentrified
84,84,53033008300,"Census Tract 83, King County, Washington",Seattle,17,82,6.0,56.5,2263.0,49291,77,1972.0,35.5,315700,16,2012,15,0.75,2015,,0.3999999999999986,-182100.0,EligibleForGentrification,false,NotCurrentlyGentrifying
85,85,53033008400,"Census Tract 84, King County, Washington",Seattle,31,82,58.0,62.2,3194.0,42339,89,2206.0,25.9,364700,15,3112,8,0.72,2015,,8.800000000000004,-1800.0,EligibleForGentrification,false,NotCurrentlyGentrifying
86,86,53033008500,"Census Tract 85, King County, Washington",Seattle,22,76,10.0,30.5,3051.0,29883,89,1529.0,26.2,325800,91,1841,11,0.48,2015,,15.4,34700.0,EligibleForGentrification,false,NotCurrentlyGentrifying
87,87,53033008600,"Census Tract 86, King County, Washington",Seattle,20,81,27.0,65.2,1969.0,43375,80,2649.0,27.1,398800,269,1419,80,0.59,2015,,17.6,17200.0,EligibleForGentrification,false,NotCurrentlyGentrifying
88,88,53033008700,"Census Tract 87, King County, Washington",Seattle,21,62,146.0,49.6,2876.0,56700,64,1670.0,32.9,403500,170,697,190,0.5,2015,,1.8000000000000043,-59700.0,EligibleForGentrification,false,NotCurrentlyGentrifying
89,89,53033008800,"Census Tract 88, King County, Washington",Seattle,30,49,289.0,59.1,2447.0,76524,49,1501.0,28.6,483100,83,270,121,0.62,2015,,10.600000000000001,71300.0,HaveGentrified,true,HaveGentrified
90,90,53033008900,"Census Tract 89, King County, Washington",Seattle,12,49,326.0,59.1,3672.0,79953,51,1147.0,23.9,483200,133,602,201,0.48,2015,,6.200000000000003,7100.0,NotEligibleForGentrification,false,NotCurrentlyGentrifying
91,91,53033009000,"Census Tract 90, King County, Washington",Seattle,25,67,195.0,43.1,1924.0,44571,72,737.0,25.0,302100,125,1126,42,0.38,2015,,9.300000000000004,-40000.0,EligibleForGentrification,false,NotCurrentlyGentrifying
92,92,53033009100,"Census Tract 91, King County, Washington",Seattle,47,67,130.0,24.4,1809.0,29464,93,1056.0,21.3,251400,70,1375,8,0.16,2015,,4.699999999999999,-109500.0,EligibleForGentrification,false,NotCurrentlyGentrifying
93,93,53033009200,"Census Tract 92, King County, Washington",Seattle,33,83,95.0,34.9,2019.0,25625,96,1256.0,18.0,353600,0,1863,9,0.48,2015,,8.0,33600.0,EligibleForGentrification,false,NotCurrentlyGentrifying
94,94,53033009300,"Census Tract 93, King County, Washington",Seattle,26,60,98.0,43.4,1757.0,70458,48,1325.0,27.2,347500,18,698,120,0.47,2015,,2.299999999999997,-44200.0,EligibleForGentrification,false,NotCurrentlyGentrifying
95,95,53033009400,"Census Tract 94, King County, Washington",Seattle,23,44,335.0,40.6,3984.0,47737,59,1658.0,16.2,359500,565,728,245,0.32,2015,,5.0,56100.0,EligibleForGentrification,false,NotCurrentlyGentrifying
96,96,53033009500,"Census Tract 95, King County, Washington",Seattle,18,44,441.0,58.4,4018.0,81676,30,512.0,17.6,503600,47,324,217,0.62,2015,,3.299999999999997,-20800.0,NotEligibleForGentrification,false,NotCurrentlyGentrifying
97,97,53033009600,"Census Tract 96, King County, Washington",Seattle,12,53,411.0,60.5,4647.0,77808,49,1497.0,20.7,621100,344,1131,351,0.81,2015,,4.799999999999997,11700.0,NotEligibleForGentrification,false,NotCurrentlyGentrifying
98,98,53033009701,"Census Tract 97.01, King County, Washington",Seattle,15,52,371.0,64.6,4578.0,82333,48,783.0,36.8,618400,199,1146,280,0.84,2015,,4.799999999999997,-21400.0,NotEligibleForGentrification,false,NotCurrentlyGentrifying
99,99,53033009702,"Census Tract 97.02, King County, Washington",Seattle,16,32,606.0,64.9,3780.0,106319,15,1341.0,48.6,457500,47,161,373,0.86,2015,,6.1000000000000085,1700.0,NotEligibleForGentrification,false,NotCurrentlyGentrifying
100,100,53033009800,"Census Tract 98, King County, Washington",Seattle,13,40,690.0,58.8,4689.0,71705,35,1402.0,17.2,459700,34,669,336,0.84,2015,,2.0,-22300.0,NotEligibleForGentrification,false,NotCurrentlyGentrifying
101,101,53033009900,"Census Tract 99, King County, Washington",Seattle,23,55,306.0,59.1,4023.0,67277,43,345.0,23.6,331700,91,1070,244,0.65,2015,,7.899999999999999,-82600.0,EligibleForGentrification,false,NotCurrentlyGentrifying
102,102,53033010001,"Census Tract 100.01, King County, Washington",Seattle,20,31,243.0,35.8,2714.0,51316,49,1062.0,34.0,367200,18,393,159,0.31,2015,,3.9999999999999964,-18000.0,EligibleForGentrification,false,NotCurrentlyGentrifying
103,103,53033010002,"Census Tract 100.02, King County, Washington",Seattle,32,45,324.0,39.6,3243.0,66458,54,1111.0,29.6,383700,33,605,346,0.36,2015,,5.200000000000003,13800.0,EligibleForGentrification,false,NotCurrentlyGentrifying
104,104,53033010100,"Census Tract 101, King County, Washington",Seattle,13,49,489.0,47.3,4471.0,59275,43,743.0,32.5,450500,50,716,245,0.43,2015,,5.5,63700.0,NotEligibleForGentrification,false,NotCurrentlyGentrifying
105,105,53033010200,"Census Tract 102, King County, Washington",Seattle,12,41,373.0,59.8,3563.0,84324,23,949.0,29.3,445000,0,99,308,0.62,2015,,7.299999999999997,-16800.0,NotEligibleForGentrification,false,NotCurrentlyGentrifying
106,106,53033010300,"Census Tract 103, King County, Washington",Seattle,17,48,330.0,34.6,4294.0,57750,51,1200.0,20.2,356900,170,885,442,0.38,2015,,-1.1000000000000014,-5200.0,EligibleForGentrification,false,NotCurrentlyGentrifying
107,107,53033010401,"Census Tract 104.01, King County, Washington",Seattle,18,33,271.0,31.9,3211.0,60682,22,433.0,42.5,347400,0,16,347,0.15,2015,,-0.30000000000000426,-46500.0,EligibleForGentrification,false,NotCurrentlyGentrifying
108,108,53033010402,"Census Tract 104.02, King County, Washington",Seattle,19,30,373.0,31.1,3248.0,79432,38,1293.0,25.6,322000,0,82,426,0.21,2015,,-2.1000000000000014,-39800.0,NotEligibleForGentrification,false,NotCurrentlyGentrifying
109,109,53033010500,"Census Tract 105, King County, Washington",Seattle,20,60,340.0,53.6,5207.0,66794,60,304.0,34.7,380700,351,1839,224,0.79,2015,,2.5,-54400.0,EligibleForGentrification,false,NotCurrentlyGentrifying
110,110,53033010600,"Census Tract 106, King County, Washington",Seattle,17,41,660.0,58.3,5673.0,90208,36,607.0,25.7,448100,77,1012,488,0.76,2015,,9.799999999999997,-18500.0,NotEligibleForGentrification,false,NotCurrentlyGentrifying
111,111,53033010701,"Census Tract 107.01, King County, Washington",Seattle,24,42,240.0,32.0,1792.0,55504,58,2074.0,19.0,291000,96,432,61,0.47,2015,,9.600000000000001,-43900.0,EligibleForGentrification,false,NotCurrentlyGentrifying
112,112,53033010702,"Census Tract 107.02, King County, Washington",Seattle,17,30,364.0,34.8,1631.0,48036,64,1270.0,17.0,325500,139,396,142,0.29,2015,,-7.800000000000004,-43900.0,EligibleForGentrification,false,NotCurrentlyGentrifying
113,113,53033010800,"Census Tract 108, King County, Washington",Seattle,11,38,315.0,40.6,3299.0,74107,38,829.0,30.8,307700,11,113,373,0.48,2015,,9.8,-7400.0,EligibleForGentrification,false,NotCurrentlyGentrifying
114,114,53033010900,"Census Tract 109, King County, Washington",Seattle,25,74,39.0,43.2,1084.0,42159,59,935.0,30.0,303800,64,182,41,0.76,2015,,28.300000000000004,-15500.0,EligibleForGentrification,false,NotCurrentlyGentrifying
115,115,53033011001,"Census Tract 110.01, King County, Washington",Seattle,21,40,343.0,21.9,2519.0,29286,66,652.0,18.3,290600,103,434,216,0.14,2015,,-7.300000000000001,-50400.0,EligibleForGentrification,false,NotCurrentlyGentrifying
116,116,53033011002,"Census Tract 110.02, King County, Washington",Seattle,28,20,274.0,17.7,2413.0,47604,45,353.0,23.8,328000,39,81,235,0.06,2015,,-8.8,8100.0,EligibleForGentrification,false,NotCurrentlyGentrifying
117,117,53033011101,"Census Tract 111.01, King County, Washington",Seattle,23,40,296.0,25.9,2852.0,52412,51,1086.0,22.6,303300,14,701,300,0.19,2015,,6.599999999999998,17000.0,EligibleForGentrification,false,NotCurrentlyGentrifying
118,118,53033011102,"Census Tract 111.02, King County, Washington",Seattle,16,31,373.0,42.0,3076.0,61901,41,576.0,9.9,437400,99,449,214,0.41,2015,,5.899999999999999,10700.0,NotEligibleForGentrification,false,NotCurrentlyGentrifying
119,119,53033011200,"Census Tract 112, King County, Washington",Seattle,21,45,200.0,18.2,2811.0,35425,58,891.0,30.4,250000,122,374,257,0.36,2015,,4.5,-7800.0,EligibleForGentrification,false,NotCurrentlyGentrifying
120,120,53033011300,"Census Tract 113, King County, Washington",Seattle,17,49,427.0,27.0,4015.0,47363,57,614.0,44.2,280000,30,1354,477,0.51,2015,,-5.899999999999999,-58700.0,EligibleForGentrification,false,NotCurrentlyGentrifying
121,121,53033011401,"Census Tract 114.01, King County, Washington",Seattle,20,44,164.0,27.0,2924.0,54622,55,837.0,33.5,281900,134,657,260,0.44,2015,,-7.299999999999997,-39900.0,EligibleForGentrification,false,NotCurrentlyGentrifying
122,122,53033011402,"Census Tract 114.02, King County, Washington",Seattle,14,43,293.0,31.4,2665.0,47701,60,1674.0,15.2,251700,72,815,176,0.45,2015,,2.6999999999999993,-63800.0,EligibleForGentrification,false,NotCurrentlyGentrifying
123,123,53033011500,"Census Tract 115, King County, Washington",Seattle,18,45,334.0,47.3,3280.0,75123,32,916.0,31.9,350500,14,305,264,0.73,2015,,-6.5,-16700.0,EligibleForGentrification,false,NotCurrentlyGentrifying
124,124,53033011600,"Census Tract 116, King County, Washington",Seattle,14,43,583.0,55.2,4986.0,102500,30,1132.0,31.0,521200,31,257,464,0.86,2015,,1.0,29400.0,NotEligibleForGentrification,false,NotCurrentlyGentrifying
125,125,53033011700,"Census Tract 117, King County, Washington",Seattle,23,25,383.0,28.6,3898.0,60917,27,629.0,21.3,283700,81,135,545,0.12,2015,,8.400000000000002,-66700.0,EligibleForGentrification,false,NotCurrentlyGentrifying
126,126,53033011800,"Census Tract 118, King County, Washington",Seattle,21,36,462.0,26.9,4492.0,38846,54,882.0,22.0,344900,318,998,353,0.19,2015,,3.3999999999999986,-1400.0,EligibleForGentrification,false,NotCurrentlyGentrifying
127,127,53033011900,"Census Tract 119, King County, Washington",Seattle,18,35,321.0,29.8,4985.0,71524,33,461.0,19.8,280300,37,100,687,0.24,2015,,-3.6999999999999993,-56700.0,EligibleForGentrification,false,NotCurrentlyGentrifying
128,128,53033012000,"Census Tract 120, King County, Washington",Seattle,14,42,322.0,51.2,2550.0,83421,21,1515.0,48.3,343100,0,18,313,0.82,2015,,9.600000000000001,-27300.0,NotEligibleForGentrification,false,NotCurrentlyGentrifying
129,129,53033012100,"Census Tract 121, King County, Washington",Seattle,8,31,240.0,56.6,2098.0,110060,13,822.0,20.0,429300,13,80,234,0.77,2015,,8.300000000000004,-105200.0,NotEligibleForGentrification,false,NotCurrentlyGentrifying
150,150,53033021903,"Census Tract 219.03, King County, Washington",Kirkland,10,48,414.0,45.8,4235.0,71417,36,767.0,32.6,400700,94,1124,353,0.71,2015,,3.799999999999997,59700.0,EligibleForGentrification,false,NotCurrentlyGentrifying
156,156,53033022005,"Census Tract 220.05, King County, Washington",Kirkland,11,44,405.0,54.9,3301.0,90900,42,1003.0,30.1,260000,165,804,239,0.56,2015,,3.799999999999997,-51600.0,NotEligibleForGentrification,false,NotCurrentlyGentrifying
157,157,53033022006,"Census Tract 220.06, King County, Washington",Kirkland,8,46,331.0,46.9,2673.0,81056,37,600.0,34.3,364900,249,625,189,0.69,2015,,1.5,12700.0,NotEligibleForGentrification,false,NotCurrentlyGentrifying
158,158,53033022101,"Census Tract 221.01, King County, Washington",Kirkland,9,27,424.0,57.6,3266.0,100168,17,923.0,18.8,419900,56,234,440,0.83,2015,,9.400000000000006,-74400.0,NotEligibleForGentrification,false,NotCurrentlyGentrifying
159,159,53033022102,"Census Tract 221.02, King County, Washington",Kirkland,6,29,692.0,62.6,3875.0,96863,18,628.0,45.4,427000,47,390,590,0.69,2015,,7.799999999999997,72900.0,HaveGentrified,false,NotCurrentlyGentrifying
164,164,53033022400,"Census Tract 224, King County, Washington",Kirkland,6,31,901.0,74.2,5151.0,111754,40,368.0,19.7,676800,89,1194,464,0.82,2015,,-1.9000000000000057,-77900.0,NotEligibleForGentrification,false,NotCurrentlyGentrifying
165,165,53033022500,"Census Tract 225, King County, Washington",Kirkland,11,51,504.0,68.5,5933.0,100584,40,26.0,20.6,536100,110,2231,260,0.84,2015,,1.5999999999999943,-17200.0,NotEligibleForGentrification,false,NotCurrentlyGentrifying
166,166,53033022603,"Census Tract 226.03, King County, Washington",Kirkland,7,37,514.0,51.8,3682.0,104382,36,1498.0,24.3,432300,136,690,383,0.65,2015,,6.900000000000006,76300.0,HaveGentrified,false,NotCurrentlyGentrifying
167,167,53033022604,"Census Tract 226.04, King County, Washington",Kirkland,8,25,484.0,56.4,2646.0,94222,26,1524.0,29.8,468500,22,149,367,0.72,2015,,-4.700000000000003,-21900.0,NotEligibleForGentrification,false,NotCurrentlyGentrifying
168,168,53033022605,"Census Tract 226.05, King County, Washington",Redmond,8,50,553.0,47.2,3766.0,68636,65,813.0,38.5,368500,223,1363,275,0.52,2015,,-1.0,73100.0,EligibleForGentrification,false,NotCurrentlyGentrifying
169,169,53033022606,"Census Tract 226.06, King County, Washington",Redmond,5,30,471.0,56.8,3738.0,104072,28,458.0,39.2,429300,111,623,562,0.63,2015,,11.000000000000007,9100.0,NotEligibleForGentrification,false,NotCurrentlyGentrifying
170,170,53033022701,"Census Tract 227.01, King County, Washington",Kirkland,9,61,129.0,68.7,2167.0,103292,56,1655.0,19.7,641600,25,1144,128,0.78,2015,,-3.9000000000000057,38400.0,NotEligibleForGentrification,false,NotCurrentlyGentrifying
171,171,53033022702,"Census Tract 227.02, King County, Washington",Kirkland,9,26,328.0,67.4,2233.0,123221,24,651.0,27.0,726400,62,264,288,0.79,2015,,-9.600000000000001,-3100.0,NotEligibleForGentrification,false,NotCurrentlyGentrifying
172,172,53033022703,"Census Tract 227.03, King County, Washington",Kirkland,7,22,246.0,61.7,1715.0,101250,30,789.0,38.8,620900,67,79,204,0.77,2015,,-5.299999999999997,-31500.0,NotEligibleForGentrification,false,NotCurrentlyGentrifying
173,173,53033022801,"Census Tract 228.01, King County, Washington",Bellevue,18,41,997.0,76.7,6367.0,88160,64,326.0,18.1,576100,407,2461,380,0.37,2015,,-8.700000000000003,50800.0,NotEligibleForGentrification,false,NotCurrentlyGentrifying
174,174,53033022802,"Census Tract 228.02, King County, Washington",Redmond,10,37,541.0,65.2,3367.0,101184,31,253.0,27.5,453100,73,553,285,0.62,2015,,-1.8000000000000043,116600.0,NotEligibleForGentrification,true,HaveGentrified
175,175,53033022803,"Census Tract 228.03, King County, Washington",Redmond,18,38,623.0,74.4,3850.0,96908,73,2448.0,25.9,654900,133,1425,236,0.44,2015,,3.799999999999997,23100.0,NotEligibleForGentrification,false,NotCurrentlyGentrifying
176,176,53033022901,"Census Tract 229.01, King County, Washington",Bellevue,8,21,265.0,63.4,2362.0,123000,20,639.0,5.4,488000,0,0,232,0.66,2015,,2.5999999999999943,-218200.0,NotEligibleForGentrification,false,NotCurrentlyGentrifying
177,177,53033022902,"Census Tract 229.02, King County, Washington",Bellevue,3,25,772.0,73.0,4345.0,120731,31,1576.0,16.3,589700,133,653,528,0.65,2015,,3.8999999999999986,100100.0,NotEligibleForGentrification,true,HaveGentrified
178,178,53033023000,"Census Tract 230, King County, Washington",Bellevue,9,21,517.0,56.5,3709.0,104013,10,202.0,36.2,533200,0,11,483,0.72,2015,,2.299999999999997,-54400.0,NotEligibleForGentrification,false,NotCurrentlyGentrifying
179,179,53033023100,"Census Tract 231, King County, Washington",Bellevue,11,25,435.0,56.5,2732.0,92283,25,720.0,38.1,537600,62,56,312,0.61,2015,,5.200000000000003,-98800.0,NotEligibleForGentrification,false,NotCurrentlyGentrifying
180,180,53033023201,"Census Tract 232.01, King County, Washington",Bellevue,29,41,778.0,72.0,4214.0,78119,70,185.0,26.1,391900,86,1947,200,0.33,2015,,1.2999999999999972,-75600.0,NotEligibleForGentrification,false,NotCurrentlyGentrifying
181,181,53033023202,"Census Tract 232.02, King County, Washington",Bellevue,13,48,418.0,39.7,2861.0,46719,70,347.0,38.0,350000,227,1146,156,0.36,2015,,-0.5,141800.0,EligibleForGentrification,false,NotCurrentlyGentrifying
182,182,53033023300,"Census Tract 233, King County, Washington",Bellevue,12,29,477.0,49.2,4149.0,76500,23,1804.0,41.0,403900,85,134,684,0.74,2015,,7.299999999999997,-300100.0,EligibleForGentrification,false,NotCurrentlyGentrifying
183,183,53033023401,"Census Tract 234.01, King County, Washington",Bellevue,9,39,319.0,64.0,2298.0,71269,44,1247.0,15.4,398100,60,440,220,0.5,2015,,-3.1000000000000014,-71400.0,EligibleForGentrification,false,NotCurrentlyGentrifying
184,184,53033023403,"Census Tract 234.03, King County, Washington",Bellevue,9,28,404.0,58.8,2877.0,93387,24,522.0,21.1,546400,8,272,360,0.67,2015,,6.700000000000003,158200.0,HaveGentrified,true,HaveGentrified
185,185,53033023404,"Census Tract 234.04, King County, Washington",Bellevue,6,18,412.0,74.1,2231.0,146875,13,649.0,10.3,560700,7,196,435,0.79,2015,,3.0,-92900.0,NotEligibleForGentrification,false,NotCurrentlyGentrifying
186,186,53033023500,"Census Tract 235, King County, Washington",Bellevue,6,30,445.0,62.8,2543.0,110568,22,375.0,25.2,591600,136,196,294,0.62,2015,,1.2000000000000028,101400.0,NotEligibleForGentrification,false,NotCurrentlyGentrifying
187,187,53033023601,"Census Tract 236.01, King County, Washington",Bellevue,11,40,301.0,64.9,2575.0,78155,47,155.0,33.0,461000,70,816,135,0.52,2015,,0.8999999999999986,-23000.0,NotEligibleForGentrification,false,NotCurrentlyGentrifying
188,188,53033023603,"Census Tract 236.03, King County, Washington",Bellevue,20,34,566.0,59.8,3934.0,87236,73,318.0,11.4,554400,570,1263,290,0.4,2015,,4.6000000000000085,-122800.0,NotEligibleForGentrification,false,NotCurrentlyGentrifying
189,189,53033023604,"Census Tract 236.04, King County, Washington",Bellevue,17,41,471.0,50.2,4003.0,72383,60,808.0,31.5,463700,449,1193,409,0.43,2015,,3.4000000000000057,3300.0,NotEligibleForGentrification,false,NotCurrentlyGentrifying
190,190,53033023700,"Census Tract 237, King County, Washington",Bellevue,11,32,448.0,71.3,2713.0,96268,34,1753.0,26.5,661400,88,515,247,0.68,2015,,8.099999999999994,-122000.0,NotEligibleForGentrification,false,NotCurrentlyGentrifying
191,191,53033023801,"Census Tract 238.01, King County, Washington",Bellevue,8,50,201.0,66.4,2053.0,97674,52,1462.0,26.8,542800,147,546,99,0.57,2015,,-8.400000000000006,43400.0,NotEligibleForGentrification,false,NotCurrentlyGentrifying
192,192,53033023803,"Census Tract 238.03, King County, Washington",Bellevue,13,58,311.0,76.1,1870.0,96975,90,570.0,26.3,383100,18,3390,17,0.53,2015,,13.100000000000009,-91600.0,NotEligibleForGentrification,false,NotCurrentlyGentrifying
193,193,53033023804,"Census Tract 238.04, King County, Washington",Bellevue,7,63,242.0,69.8,2428.0,89479,73,594.0,27.8,441900,0,4409,81,0.56,2015,,-2.3999999999999986,-26700.0,NotEligibleForGentrification,false,NotCurrentlyGentrifying
194,194,53033023900,"Census Tract 239, King County, Washington",Bellevue,12,34,731.0,67.5,4801.0,117308,32,2523.0,24.1,857500,97,745,522,0.73,2015,,10.500000000000007,302200.0,HaveGentrified,true,HaveGentrified
195,195,53033024000,"Census Tract 240, King County, Washington",Bellevue,9,43,798.0,72.0,4995.0,107479,44,2876.0,29.4,807500,197,1203,541,0.6,2015,,,,NotEligibleForGentrification,,NotCurrentlyGentrifying
203,203,53033024701,"Census Tract 247.01, King County, Washington",Bellevue,9,29,458.0,55.4,2313.0,83712,33,66.0,30.6,448200,81,304,267,0.59,2015,,,,NotEligibleForGentrification,,NotCurrentlyGentrifying
206,206,53033024901,"Census Tract 249.01, King County, Washington",Bellevue,8,12,660.0,69.2,3652.0,135625,7,570.0,34.6,744000,0,49,508,0.48,2015,,,,NotEligibleForGentrification,,NotCurrentlyGentrifying
207,207,53033024902,"Census Tract 249.02, King County, Washington",Bellevue,5,25,452.0,68.9,2732.0,102616,20,953.0,45.1,610100,7,91,318,0.59,2015,,,,NotEligibleForGentrification,,NotCurrentlyGentrifying
208,208,53033024903,"Census Tract 249.03, King County, Washington",Bellevue,8,8,825.0,73.3,4316.0,152458,9,130.0,36.2,698700,30,20,779,0.53,2015,,,,NotEligibleForGentrification,,NotCurrentlyGentrifying
210,210,53033025003,"Census Tract 250.03, King County, Washington",Bellevue,6,20,759.0,63.9,4881.0,126089,30,210.0,21.5,786000,92,807,765,0.62,2015,,,,NotEligibleForGentrification,,NotCurrentlyGentrifying
212,212,53033025006,"Census Tract 250.06, King County, Washington",Bellevue,4,22,714.0,71.8,3210.0,148750,28,756.0,35.3,610200,39,604,448,0.61,2015,,,,NotEligibleForGentrification,,NotCurrentlyGentrifying
356,356,53033032103,"Census Tract 321.03, King County, Washington",Issaquah,11,48,297.0,43.0,3025.0,64474,53,247.0,26.5,433900,195,826,360,0.8,2015,,,,NotEligibleForGentrification,,NotCurrentlyGentrifying
357,357,53033032104,"Census Tract 321.04, King County, Washington",Issaquah,5,37,604.0,49.8,4441.0,82456,35,175.0,26.0,580800,17,1007,424,0.8,2015,,,,NotEligibleForGentrification,,NotCurrentlyGentrifying
358,358,53033032203,"Census Tract 322.03, King County, Washington",Sammamish,6,12,1103.0,67.6,4139.0,125636,9,1081.0,37.3,632800,0,122,762,0.68,2015,,,,NotEligibleForGentrification,,NotCurrentlyGentrifying
359,359,53033032207,"Census Tract 322.07, King County, Washington",Sammamish,3,16,502.0,66.1,2219.0,142470,7,871.0,58.6,414000,0,59,388,0.81,2015,,,,NotEligibleForGentrification,,NotCurrentlyGentrifying
360,360,53033032208,"Census Tract 322.08, King County, Washington",Issaquah,8,48,895.0,62.4,5652.0,77226,41,241.0,33.6,502100,500,1812,519,0.73,2015,,,,NotEligibleForGentrification,,NotCurrentlyGentrifying
361,361,53033032210,"Census Tract 322.10, King County, Washington",Issaquah,10,18,1732.0,65.5,5482.0,116732,29,75.0,15.7,509000,75,1154,531,0.63,2015,,,,NotEligibleForGentrification,,NotCurrentlyGentrifying
362,362,53033032211,"Census Tract 322.11, King County, Washington",Sammamish,10,20,728.0,66.7,2981.0,117250,23,1663.0,35.7,459700,27,245,338,0.64,2015,,,,NotEligibleForGentrification,,NotCurrentlyGentrifying
364,364,53033032213,"Census Tract 322.13, King County, Washington",Sammamish,6,15,645.0,69.6,2599.0,143585,6,396.0,0.0,580100,19,140,421,0.78,2015,,,,NotEligibleForGentrification,,NotCurrentlyGentrifying
365,365,53033032214,"Census Tract 322.14, King County, Washington",Sammamish,5,12,1179.0,73.1,3656.0,156481,12,602.0,0.0,726100,0,142,533,0.57,2015,,,,NotEligibleForGentrification,,NotCurrentlyGentrifying
366,366,53033032215,"Census Tract 322.15, King County, Washington",Issaquah,4,2,1030.0,83.1,2343.0,190900,7,91.0,6.8,495400,0,0,405,0.6,2015,,,,NotEligibleForGentrification,,NotCurrentlyGentrifying
367,367,53033032307,"Census Tract 323.07, King County, Washington",Sammamish,5,23,818.0,51.3,3997.0,121402,10,248.0,59.2,436800,0,0,1036,0.87,2015,,,,NotEligibleForGentrification,,NotCurrentlyGentrifying
368,368,53033032309,"Census Tract 323.09, King County, Washington",Redmond,15,54,660.0,77.2,3035.0,109469,80,103.0,19.6,580900,111,2924,136,0.53,2015,,,,NotEligibleForGentrification,,NotCurrentlyGentrifying
369,369,53033032311,"Census Tract 323.11, King County, Washington",Sammamish,2,14,643.0,56.1,3854.0,149087,6,243.0,14.3,521700,0,0,927,0.88,2015,,,,NotEligibleForGentrification,,NotCurrentlyGentrifying
370,370,53033032313,"Census Tract 323.13, King County, Washington",Sammamish,3,38,844.0,60.0,4262.0,96573,60,2484.0,20.0,610100,140,1245,310,0.32,2015,,,,NotEligibleForGentrification,,NotCurrentlyGentrifying
371,371,53033032315,"Census Tract 323.15, King County, Washington",Issaquah,6,19,611.0,57.1,3511.0,131992,13,126.0,23.5,626700,0,0,797,0.85,2015,,,,NotEligibleForGentrification,,NotCurrentlyGentrifying
372,372,53033032316,"Census Tract 323.16, King County, Washington",Sammamish,4,14,818.0,77.9,3271.0,164599,10,1460.0,31.3,563300,0,0,558,0.74,2015,,,,NotEligibleForGentrification,,NotCurrentlyGentrifying
373,373,53033032317,"Census Tract 323.17, King County, Washington",Sammamish,3,8,935.0,71.5,3691.0,138854,17,252.0,18.8,549300,0,240,564,0.81,2015,,,,NotEligibleForGentrification,,NotCurrentlyGentrifying
374,374,53033032318,"Census Tract 323.18, King County, Washington",Sammamish,8,14,983.0,77.8,3196.0,153098,12,189.0,14.9,442700,31,79,397,0.63,2015,,,,NotEligibleForGentrification,,NotCurrentlyGentrifying
376,376,53033032320,"Census Tract 323.20, King County, Washington",Redmond,4,14,536.0,59.3,2488.0,149519,3,222.0,0.0,706600,0,0,789,0.87,2015,,,,NotEligibleForGentrification,,NotCurrentlyGentrifying
379,379,53033032323,"Census Tract 323.23, King County, Washington",Redmond,4,29,754.0,70.9,3511.0,119773,31,110.0,26.1,406900,22,623,277,0.72,2015,,,,NotEligibleForGentrification,,NotCurrentlyGentrifying
380,380,53033032324,"Census Tract 323.24, King County, Washington",Redmond,5,43,464.0,45.0,3436.0,86600,44,86.0,20.5,399700,157,757,454,0.66,2015,,,,NotEligibleForGentrification,,NotCurrentlyGentrifying
381,381,53033032325,"Census Tract 323.25, King County, Washington",Redmond,10,41,474.0,64.4,3507.0,107727,51,689.0,25.8,707900,469,916,176,0.56,2015,,,,NotEligibleForGentrification,,NotCurrentlyGentrifying
394,394,53033000100,"Census Tract 1, King County, Washington",Seattle,22,59,,46.9,,47518,71,347.0,625.0,497300,111,1967,290,0.58,2010,537084.0,,,None,,None
395,395,53033000200,"Census Tract 2, King County, Washington",Seattle,15,48,,49.3,,54797,44,761.0,554.0,358700,160,1433,398,0.7,2010,387396.0,,,None,,None
396,396,53033000300,"Census Tract 3, King County, Washington",Seattle,15,37,,38.0,,61966,24,129.0,191.0,346500,0,81,182,0.73,2010,374220.0,,,None,,None
397,397,53033000401,"Census Tract 4.01, King County, Washington",Seattle,9,63,,29.6,,35095,70,0.0,675.0,342100,88,2325,195,0.62,2010,369468.0,,,None,,None
398,398,53033000402,"Census Tract 4.02, King County, Washington",Seattle,15,50,,40.8,,45183,57,,598.0,387400,0,1073,188,0.75,2010,418392.0,,,None,,None
399,399,53033000500,"Census Tract 5, King County, Washington",Seattle,5,21,,62.3,,110125,2,,0.0,596100,0,0,441,0.8,2010,643788.0,,,None,,None
400,400,53033000600,"Census Tract 6, King County, Washington",Seattle,19,52,,37.0,,56944,38,,352.0,366500,85,1167,485,0.55,2010,395820.0,,,None,,None
401,401,53033000700,"Census Tract 7, King County, Washington",Seattle,23,49,,52.5,,44144,68,,797.0,367800,78,1371,230,0.59,2010,397224.0,,,None,,None
402,402,53033000800,"Census Tract 8, King County, Washington",Seattle,19,39,,48.9,,64113,22,,139.0,404200,0,42,243,0.78,2010,436536.0,,,None,,None
403,403,53033000900,"Census Tract 9, King County, Washington",Seattle,11,38,,68.8,,86576,27,,118.0,686600,0,67,227,0.81,2010,741528.0,,,None,,None
404,404,53033001000,"Census Tract 10, King County, Washington",Seattle,11,34,,60.7,,70200,34,,89.0,424000,56,158,83,0.73,2010,457920.00000000006,,,None,,None
405,405,53033001100,"Census Tract 11, King County, Washington",Seattle,15,38,,64.4,,79250,36,,169.0,431900,38,151,173,0.72,2010,466452.00000000006,,,None,,None
406,406,53033001200,"Census Tract 12, King County, Washington",Seattle,29,69,,40.7,,37392,79,,1089.0,315000,146,2693,169,0.58,2010,340200.0,,,None,,None
407,407,53033001300,"Census Tract 13, King County, Washington",Seattle,18,60,,36.7,,40481,70,,535.0,356700,120,1123,137,0.56,2010,385236.0,,,None,,None
408,408,53033001400,"Census Tract 14, King County, Washington",Seattle,13,47,,40.8,,64052,39,,361.0,410300,45,572,297,0.77,2010,443124.00000000006,,,None,,None
409,409,53033001500,"Census Tract 15, King County, Washington",Seattle,6,39,,62.7,,89438,15,,69.0,594200,0,84,244,0.94,2010,641736.0,,,None,,None
410,410,53033001600,"Census Tract 16, King County, Washington",Seattle,10,34,,56.2,,83913,17,,131.0,592600,19,195,267,0.86,2010,640008.0,,,None,,None
411,411,53033001701,"Census Tract 17.01, King County, Washington",Seattle,17,64,,60.1,,55052,45,,343.0,347900,85,1010,208,0.58,2010,375732.0,,,None,,None
412,412,53033001702,"Census Tract 17.02, King County, Washington",Seattle,15,38,,37.6,,53646,45,,270.0,377400,119,483,238,0.66,2010,407592.0,,,None,,None
413,413,53033001800,"Census Tract 18, King County, Washington",Seattle,19,66,,66.2,,73870,58,,538.0,376800,156,698,131,0.77,2010,406944.0,,,None,,None
414,414,53033001900,"Census Tract 19, King County, Washington",Seattle,17,48,,56.5,,63924,36,,256.0,403700,63,598,186,0.74,2010,435996.0,,,None,,None
415,415,53033002000,"Census Tract 20, King County, Washington",Seattle,18,45,,66.1,,65875,34,,239.0,422700,36,355,149,0.79,2010,456516.00000000006,,,None,,None
416,416,53033002100,"Census Tract 21, King County, Washington",Seattle,22,46,,67.2,,74191,26,,177.0,432200,73,262,344,0.7,2010,466776.00000000006,,,None,,None
417,417,53033002200,"Census Tract 22, King County, Washington",Seattle,12,28,,70.5,,101275,17,,188.0,612000,0,210,391,0.79,2010,660960.0,,,None,,None
418,418,53033002400,"Census Tract 24, King County, Washington",Seattle,18,42,,75.5,,83200,34,,230.0,499500,79,213,117,0.81,2010,539460.0,,,None,,None
419,419,53033002500,"Census Tract 25, King County, Washington",Seattle,24,41,,75.8,,100266,26,,165.0,478700,35,76,248,0.78,2010,516996.00000000006,,,None,,None
420,420,53033002600,"Census Tract 26, King County, Washington",Seattle,22,47,,75.2,,100102,26,,282.0,518200,49,272,241,0.83,2010,559656.0,,,None,,None
421,421,53033002700,"Census Tract 27, King County, Washington",Seattle,19,45,,72.4,,89281,28,,436.0,540500,79,393,327,0.77,2010,583740.0,,,None,,None
422,422,53033002800,"Census Tract 28, King County, Washington",Seattle,23,55,,70.7,,62385,42,,296.0,464800,106,507,240,0.81,2010,501984.00000000006,,,None,,None
423,423,53033002900,"Census Tract 29, King County, Washington",Seattle,20,45,,66.8,,91156,29,,109.0,469400,11,338,184,0.87,2010,506952.00000000006,,,None,,None
424,424,53033003000,"Census Tract 30, King County, Washington",Seattle,13,47,,62.8,,83226,25,,305.0,464300,125,200,308,0.89,2010,501444.00000000006,,,None,,None
425,425,53033003100,"Census Tract 31, King County, Washington",Seattle,14,38,,63.6,,80167,14,,197.0,512300,8,218,597,0.89,2010,553284.0,,,None,,None
426,426,53033003200,"Census Tract 32, King County, Washington",Seattle,21,59,,58.0,,57043,49,,671.0,549100,340,1548,293,0.86,2010,593028.0,,,None,,None
427,427,53033003300,"Census Tract 33, King County, Washington",Seattle,21,53,,55.2,,68272,55,,668.0,463200,394,813,322,0.84,2010,500256.00000000006,,,None,,None
428,428,53033003400,"Census Tract 34, King County, Washington",Seattle,7,48,,64.0,,87554,27,,208.0,539200,113,150,190,0.87,2010,582336.0,,,None,,None
429,429,53033003500,"Census Tract 35, King County, Washington",Seattle,19,56,,67.4,,76641,46,,298.0,598300,90,451,147,0.85,2010,646164.0,,,None,,None
430,430,53033003600,"Census Tract 36, King County, Washington",Seattle,19,67,,69.1,,64199,65,,903.0,491300,174,1817,164,0.85,2010,530604.0,,,None,,None
431,431,53033003800,"Census Tract 38, King County, Washington",Seattle,12,41,,73.1,,79375,16,,71.0,554500,24,110,76,0.83,2010,598860.0,,,None,,None
432,432,53033003900,"Census Tract 39, King County, Washington",Seattle,8,40,,66.3,,71875,27,,150.0,545300,27,161,147,0.76,2010,588924.0,,,None,,None
433,433,53033004000,"Census Tract 40, King County, Washington",Seattle,22,54,,68.2,,85658,29,,149.0,572900,55,516,67,0.69,2010,618732.0,,,None,,None
434,434,53033004100,"Census Tract 41, King County, Washington",Seattle,15,37,,85.5,,110067,35,,579.0,925000,174,549,533,0.83,2010,999000.0000000001,,,None,,None
435,435,53033004200,"Census Tract 42, King County, Washington",Seattle,18,44,,80.6,,99205,29,,491.0,587900,114,366,638,0.82,2010,634932.0,,,None,,None
436,436,53033004301,"Census Tract 43.01, King County, Washington",Seattle,17,61,,75.2,,69815,53,,253.0,500000,19,716,128,0.76,2010,540000.0,,,None,,None
437,437,53033004400,"Census Tract 44, King County, Washington",Seattle,18,67,,74.9,,47299,69,,475.0,627500,122,1182,262,0.79,2010,677700.0,,,None,,None
438,438,53033004500,"Census Tract 45, King County, Washington",Seattle,18,50,,69.6,,96250,41,,314.0,532400,0,45,256,0.85,2010,574992.0,,,None,,None
439,439,53033004600,"Census Tract 46, King County, Washington",Seattle,7,49,,75.5,,100950,32,,277.0,615600,53,200,126,0.83,2010,664848.0,,,None,,None
440,440,53033004700,"Census Tract 47, King County, Washington",Seattle,24,72,,56.1,,54002,73,,1173.0,354900,346,2429,313,0.8,2010,383292.0,,,None,,None
441,441,53033004800,"Census Tract 48, King County, Washington",Seattle,21,53,,63.6,,79563,39,,499.0,494600,322,186,223,0.86,2010,534168.0,,,None,,None
442,442,53033004900,"Census Tract 49, King County, Washington",Seattle,27,78,,75.6,,59022,71,,1026.0,483900,381,2102,210,0.86,2010,522612.00000000006,,,None,,None
443,443,53033005000,"Census Tract 50, King County, Washington",Seattle,18,68,,56.3,,55378,71,,553.0,561500,138,1097,128,0.82,2010,606420.0,,,None,,None
444,444,53033005100,"Census Tract 51, King County, Washington",Seattle,13,56,,78.2,,82829,38,,257.0,640500,255,268,201,0.85,2010,691740.0,,,None,,None
445,445,53033005200,"Census Tract 52, King County, Washington",Seattle,30,78,,69.4,,36563,75,,796.0,445700,167,1993,175,0.62,2010,481356.00000000006,,,None,,None
446,446,53033005301,"Census Tract 53.01, King County, Washington",Seattle,28,89,,65.2,,17186,98,,690.0,225000,40,2631,126,0.66,2010,243000.00000000003,,,None,,None
447,447,53033005400,"Census Tract 54, King County, Washington",Seattle,22,65,,78.7,,63621,60,,727.0,471900,267,1305,145,0.85,2010,509652.00000000006,,,None,,None
448,448,53033005600,"Census Tract 56, King County, Washington",Seattle,8,29,,75.8,,138472,8,,71.0,804800,0,0,463,0.91,2010,869184.0,,,None,,None
449,449,53033005700,"Census Tract 57, King County, Washington",Seattle,19,50,,70.1,,88828,28,,381.0,592300,0,538,374,0.84,2010,639684.0,,,None,,None
450,450,53033005801,"Census Tract 58.01, King County, Washington",Seattle,20,60,,60.6,,57993,61,,914.0,408600,157,1671,189,0.84,2010,441288.0,,,None,,None
451,451,53033005802,"Census Tract 58.02, King County, Washington",Seattle,18,66,,61.9,,60972,57,,521.0,508000,293,1351,94,0.8,2010,548640.0,,,None,,None
452,452,53033005900,"Census Tract 59, King County, Washington",Seattle,18,53,,64.1,,69953,47,,451.0,632700,245,703,252,0.86,2010,683316.0,,,None,,None
453,453,53033006000,"Census Tract 60, King County, Washington",Seattle,14,55,,70.4,,77708,45,,445.0,650600,248,1244,159,0.82,2010,702648.0,,,None,,None
454,454,53033006100,"Census Tract 61, King County, Washington",Seattle,24,68,,70.2,,67984,60,,829.0,618100,302,1518,96,0.86,2010,667548.0,,,None,,None
455,455,53033006200,"Census Tract 62, King County, Washington",Seattle,16,31,,79.3,,130820,17,,122.0,791700,11,89,332,0.86,2010,855036.0,,,None,,None
456,456,53033006300,"Census Tract 63, King County, Washington",Seattle,10,56,,79.4,,90699,46,,690.0,964300,52,1418,421,0.91,2010,1041444.0000000001,,,None,,None
457,457,53033006400,"Census Tract 64, King County, Washington",Seattle,16,32,,74.1,,110547,27,,145.0,841500,58,111,201,0.85,2010,908820.0000000001,,,None,,None
458,458,53033006500,"Census Tract 65, King County, Washington",Seattle,21,68,,73.9,,72863,50,,387.0,765200,102,1249,148,0.8,2010,826416.0,,,None,,None
459,459,53033006600,"Census Tract 66, King County, Washington",Seattle,23,80,,68.6,,62258,77,,691.0,550600,114,1646,101,0.82,2010,594648.0,,,None,,None
460,460,53033006700,"Census Tract 67, King County, Washington",Seattle,24,73,,68.7,,65963,62,,987.0,431500,244,3155,157,0.75,2010,466020.00000000006,,,None,,None
461,461,53033006800,"Census Tract 68, King County, Washington",Seattle,19,47,,79.0,,92083,43,,303.0,725700,156,272,98,0.9,2010,783756.0,,,None,,None
462,462,53033006900,"Census Tract 69, King County, Washington",Seattle,16,60,,66.7,,78559,39,,256.0,644900,176,806,288,0.83,2010,696492.0,,,None,,None
463,463,53033007000,"Census Tract 70, King County, Washington",Seattle,31,77,,70.0,,52252,78,,1552.0,387100,71,4686,130,0.8,2010,418068.0,,,None,,None
464,464,53033007100,"Census Tract 71, King County, Washington",Seattle,21,86,,63.3,,54409,74,,694.0,309000,62,2106,0,0.82,2010,333720.0,,,None,,None
465,465,53033007200,"Census Tract 72, King County, Washington",Seattle,22,89,,58.7,,42043,93,,1185.0,361700,0,3578,0,0.67,2010,390636.0,,,None,,None
466,466,53033007300,"Census Tract 73, King County, Washington",Seattle,15,79,,45.9,,30317,96,,771.0,375800,18,2836,141,0.65,2010,405864.0,,,None,,None
467,467,53033007401,"Census Tract 74.01, King County, Washington",Seattle,26,88,,62.9,,45777,77,,838.0,303800,19,3109,13,0.76,2010,328104.0,,,None,,None
468,468,53033007402,"Census Tract 74.02, King County, Washington",Seattle,21,88,,49.4,,41067,78,,1011.0,310800,160,3667,119,0.66,2010,335664.0,,,None,,None
469,469,53033007500,"Census Tract 75, King County, Washington",Seattle,30,79,,64.9,,46743,85,,1531.0,400800,442,3402,44,0.83,2010,432864.0,,,None,,None
470,470,53033007600,"Census Tract 76, King County, Washington",Seattle,22,73,,63.6,,51827,67,,503.0,440300,190,1233,113,0.7,2010,475524.00000000006,,,None,,None
471,471,53033007700,"Census Tract 77, King County, Washington",Seattle,20,56,,63.7,,63704,38,,261.0,471200,53,489,96,0.69,2010,508896.00000000006,,,None,,None
472,472,53033007800,"Census Tract 78, King County, Washington",Seattle,11,33,,81.2,,134327,17,,230.0,840800,45,221,464,0.73,2010,908064.0000000001,,,None,,None
473,473,53033007900,"Census Tract 79, King County, Washington",Seattle,22,79,,54.7,,46393,76,,895.0,367300,188,2134,242,0.62,2010,396684.0,,,None,,None
474,474,53033008001,"Census Tract 80.01, King County, Washington",Seattle,13,85,,69.0,,70641,68,,1082.0,410900,23,4245,63,0.72,2010,443772.00000000006,,,None,,None
475,475,53033008002,"Census Tract 80.02, King County, Washington",Seattle,10,87,,57.8,,41197,80,,398.0,690400,10,2351,0,0.72,2010,745632.0,,,None,,None
476,476,53033008100,"Census Tract 81, King County, Washington",Seattle,24,78,,47.9,,33592,76,,705.0,482400,0,2910,9,0.66,2010,520992.00000000006,,,None,,None
477,477,53033008200,"Census Tract 82, King County, Washington",Seattle,30,90,,59.3,,41250,88,,749.0,291400,0,2166,28,0.74,2010,314712.0,,,None,,None
478,478,53033008300,"Census Tract 83, King County, Washington",Seattle,12,84,,56.1,,44637,76,,515.0,497800,0,1997,19,0.85,2010,537624.0,,,None,,None
479,479,53033008400,"Census Tract 84, King County, Washington",Seattle,24,86,,53.4,,37859,83,,882.0,366500,0,3001,12,0.7,2010,395820.0,,,None,,None
480,480,53033008500,"Census Tract 85, King County, Washington",Seattle,24,77,,15.1,,20148,95,,295.0,291100,37,1573,9,0.39,2010,314388.0,,,None,,None
481,481,53033008600,"Census Tract 86, King County, Washington",Seattle,19,76,,47.6,,30069,86,,434.0,381600,234,1311,58,0.55,2010,412128.0,,,None,,None
482,482,53033008700,"Census Tract 87, King County, Washington",Seattle,24,56,,47.8,,58229,52,,314.0,463200,201,626,155,0.42,2010,500256.00000000006,,,None,,None
483,483,53033008800,"Census Tract 88, King County, Washington",Seattle,17,47,,48.5,,61181,40,,293.0,411800,103,190,243,0.48,2010,444744.00000000006,,,None,,None
484,484,53033008900,"Census Tract 89, King County, Washington",Seattle,19,47,,52.9,,72005,46,,499.0,476100,152,587,244,0.41,2010,514188.00000000006,,,None,,None
485,485,53033009000,"Census Tract 90, King County, Washington",Seattle,34,78,,33.8,,26750,73,,193.0,342100,70,1070,61,0.18,2010,369468.0,,,None,,None
486,486,53033009100,"Census Tract 91, King County, Washington",Seattle,40,63,,19.7,,18838,95,,242.0,360900,7,1448,0,0.12,2010,389772.0,,,None,,None
487,487,53033009200,"Census Tract 92, King County, Washington",Seattle,31,88,,26.9,,13667,96,,290.0,320000,26,1668,7,0.48,2010,345600.0,,,None,,None
488,488,53033009300,"Census Tract 93, King County, Washington",Seattle,21,69,,41.1,,54158,44,,193.0,391700,49,695,114,0.44,2010,423036.0,,,None,,None
489,489,53033009400,"Census Tract 94, King County, Washington",Seattle,25,52,,35.6,,41148,58,,430.0,303400,242,759,99,0.3,2010,327672.0,,,None,,None
490,490,53033009500,"Census Tract 95, King County, Washington",Seattle,17,34,,55.1,,81506,30,,235.0,524400,41,470,426,0.52,2010,566352.0,,,None,,None
491,491,53033009600,"Census Tract 96, King County, Washington",Seattle,13,54,,55.7,,76901,41,,466.0,609400,232,1410,256,0.89,2010,658152.0,,,None,,None
492,492,53033009701,"Census Tract 97.01, King County, Washington",Seattle,10,57,,59.8,,75463,53,,817.0,639800,335,972,321,0.85,2010,690984.0,,,None,,None
493,493,53033009702,"Census Tract 97.02, King County, Washington",Seattle,14,39,,58.8,,78469,21,,163.0,455800,29,61,403,0.85,2010,492264.00000000006,,,None,,None
494,494,53033009800,"Census Tract 98, King County, Washington",Seattle,18,51,,56.8,,78200,32,,383.0,482000,76,703,390,0.84,2010,520560.00000000006,,,None,,None
495,495,53033009900,"Census Tract 99, King County, Washington",Seattle,18,58,,51.2,,67672,46,,503.0,414300,174,681,370,0.7,2010,447444.00000000006,,,None,,None
496,496,53033010001,"Census Tract 100.01, King County, Washington",Seattle,25,31,,31.8,,50054,54,,61.0,385200,13,516,135,0.22,2010,416016.0,,,None,,None
497,497,53033010002,"Census Tract 100.02, King County, Washington",Seattle,31,39,,34.4,,58032,55,,361.0,369900,89,592,280,0.29,2010,399492.0,,,None,,None
498,498,53033010100,"Census Tract 101, King County, Washington",Seattle,17,41,,41.8,,49764,39,,278.0,386800,50,841,397,0.41,2010,417744.0,,,None,,None
499,499,53033010200,"Census Tract 102, King County, Washington",Seattle,18,38,,52.5,,82901,13,,130.0,461800,10,61,414,0.58,2010,498744.00000000006,,,None,,None
500,500,53033010300,"Census Tract 103, King County, Washington",Seattle,20,42,,35.7,,42486,56,,431.0,362100,87,772,401,0.27,2010,391068.0,,,None,,None
501,501,53033010401,"Census Tract 104.01, King County, Washington",Seattle,12,27,,32.2,,65799,29,,93.0,393900,53,41,462,0.21,2010,425412.0,,,None,,None
502,502,53033010402,"Census Tract 104.02, King County, Washington",Seattle,17,27,,33.2,,71250,23,,191.0,361800,0,100,390,0.24,2010,390744.0,,,None,,None
503,503,53033010500,"Census Tract 105, King County, Washington",Seattle,15,61,,51.1,,64815,52,,624.0,435100,105,1313,413,0.81,2010,469908.00000000006,,,None,,None
504,504,53033010600,"Census Tract 106, King County, Washington",Seattle,20,53,,48.5,,71850,41,,547.0,466600,118,1215,431,0.85,2010,503928.00000000006,,,None,,None
505,505,53033010701,"Census Tract 107.01, King County, Washington",Seattle,24,35,,22.4,,42418,55,,191.0,334900,57,434,143,0.42,2010,361692.0,,,None,,None
506,506,53033010702,"Census Tract 107.02, King County, Washington",Seattle,11,41,,42.6,,39074,63,,198.0,369400,46,395,142,0.4,2010,398952.0,,,None,,None
507,507,53033010800,"Census Tract 108, King County, Washington",Seattle,14,31,,30.8,,69844,24,,258.0,315100,49,11,494,0.52,2010,340308.0,,,None,,None
508,508,53033010900,"Census Tract 109, King County, Washington",Seattle,26,66,,14.9,,37097,71,,139.0,319300,9,162,120,0.6,2010,344844.0,,,None,,None
509,509,53033011001,"Census Tract 110.01, King County, Washington",Seattle,16,37,,29.2,,26859,61,,163.0,341000,82,610,164,0.13,2010,368280.0,,,None,,None
510,510,53033011002,"Census Tract 110.02, King County, Washington",Seattle,25,19,,26.5,,54018,43,,266.0,319900,42,88,343,0.12,2010,345492.0,,,None,,None
511,511,53033011101,"Census Tract 111.01, King County, Washington",Seattle,26,29,,19.3,,44844,46,,204.0,286300,66,239,286,0.15,2010,309204.0,,,None,,None
512,512,53033011102,"Census Tract 111.02, King County, Washington",Seattle,20,34,,36.1,,55926,44,,214.0,426700,33,521,107,0.46,2010,460836.00000000006,,,None,,None
513,513,53033011200,"Census Tract 112, King County, Washington",Seattle,27,39,,13.7,,42907,49,,285.0,257800,94,260,219,0.3,2010,278424.0,,,None,,None
514,514,53033011300,"Census Tract 113, King County, Washington",Seattle,15,43,,32.9,,63333,37,,420.0,338700,132,465,525,0.52,2010,365796.0,,,None,,None
515,515,53033011401,"Census Tract 114.01, King County, Washington",Seattle,13,51,,34.3,,63750,54,,301.0,321800,199,657,323,0.49,2010,347544.0,,,None,,None
516,516,53033011402,"Census Tract 114.02, King County, Washington",Seattle,21,44,,28.7,,53049,53,,306.0,315500,149,646,202,0.51,2010,340740.0,,,None,,None
517,517,53033011500,"Census Tract 115, King County, Washington",Seattle,17,50,,53.8,,75344,26,,170.0,367200,24,243,284,0.77,2010,396576.0,,,None,,None
518,518,53033011600,"Census Tract 116, King County, Washington",Seattle,11,42,,54.2,,87414,22,,244.0,491800,150,304,369,0.89,2010,531144.0,,,None,,None
519,519,53033011700,"Census Tract 117, King County, Washington",Seattle,21,21,,20.2,,53700,26,,169.0,350400,29,0,541,0.11,2010,378432.0,,,None,,None
520,520,53033011800,"Census Tract 118, King County, Washington",Seattle,18,39,,23.5,,48037,52,,561.0,346300,311,1050,400,0.2,2010,374004.0,,,None,,None
521,521,53033011900,"Census Tract 119, King County, Washington",Seattle,11,26,,33.5,,62311,23,,233.0,337000,72,0,699,0.23,2010,363960.0,,,None,,None
522,522,53033012000,"Census Tract 120, King County, Washington",Seattle,14,42,,41.6,,84137,21,,141.0,370400,0,70,360,0.76,2010,400032.0,,,None,,None
523,523,53033012100,"Census Tract 121, King County, Washington",Seattle,5,35,,48.3,,99714,12,,73.0,534500,0,86,209,0.82,2010,577260.0,,,None,,None
544,544,53033021903,"Census Tract 219.03, King County, Washington",Kirkland,10,41,,41.7,,62548,44,,721.0,405000,39,1191,503,0.73,2010,437400.0,,,None,,None
550,550,53033022005,"Census Tract 220.05, King County, Washington",Kirkland,11,48,,53.4,,71514,40,,422.0,309900,176,1120,97,0.69,2010,334692.0,,,None,,None
551,551,53033022006,"Census Tract 220.06, King County, Washington",Kirkland,8,53,,53.7,,79342,36,,225.0,356500,247,653,136,0.78,2010,385020.0,,,None,,None
552,552,53033022101,"Census Tract 221.01, King County, Washington",Kirkland,5,27,,47.0,,106528,12,,82.0,439900,34,186,593,0.85,2010,475092.00000000006,,,None,,None
553,553,53033022102,"Census Tract 221.02, King County, Washington",Kirkland,4,30,,47.5,,92327,20,,234.0,435100,51,379,705,0.79,2010,469908.00000000006,,,None,,None
558,558,53033022400,"Census Tract 224, King County, Washington",Kirkland,6,45,,61.7,,101027,38,,756.0,671400,110,1207,522,0.84,2010,725112.0,,,None,,None
559,559,53033022500,"Census Tract 225, King County, Washington",Kirkland,10,48,,64.5,,101833,35,,837.0,584600,174,1938,446,0.81,2010,631368.0,,,None,,None
560,560,53033022603,"Census Tract 226.03, King County, Washington",Kirkland,9,36,,46.9,,90673,33,,306.0,452400,175,689,522,0.67,2010,488592.00000000006,,,None,,None
561,561,53033022604,"Census Tract 226.04, King County, Washington",Kirkland,8,33,,48.8,,86815,19,,150.0,465200,22,159,470,0.81,2010,502416.00000000006,,,None,,None
562,562,53033022605,"Census Tract 226.05, King County, Washington",Redmond,5,42,,52.8,,80488,62,,899.0,454100,328,1578,206,0.62,2010,490428.00000000006,,,None,,None
563,563,53033022606,"Census Tract 226.06, King County, Washington",Redmond,6,38,,51.4,,85417,17,,135.0,362100,90,584,466,0.79,2010,391068.0,,,None,,None
564,564,53033022701,"Census Tract 227.01, King County, Washington",Kirkland,4,58,,67.5,,91019,53,,434.0,789200,11,1190,128,0.85,2010,852336.0,,,None,,None
565,565,53033022702,"Census Tract 227.02, King County, Washington",Kirkland,4,29,,69.6,,96635,25,,179.0,752200,20,238,169,0.88,2010,812376.0,,,None,,None
566,566,53033022703,"Census Tract 227.03, King County, Washington",Kirkland,7,24,,46.2,,113500,28,,153.0,617300,23,129,203,0.71,2010,666684.0,,,None,,None
567,567,53033022801,"Census Tract 228.01, King County, Washington",Bellevue,16,48,,67.3,,73168,68,,1683.0,490000,729,2519,295,0.5,2010,529200.0,,,None,,None
568,568,53033022802,"Census Tract 228.02, King County, Washington",Redmond,8,41,,61.5,,94205,32,,420.0,432700,177,679,261,0.71,2010,467316.00000000006,,,None,,None
569,569,53033022803,"Census Tract 228.03, King County, Washington",Redmond,5,48,,68.6,,82339,76,,911.0,622800,419,1416,98,0.55,2010,672624.0,,,None,,None
570,570,53033022901,"Census Tract 229.01, King County, Washington",Bellevue,12,23,,67.1,,114756,20,,174.0,543200,0,20,242,0.73,2010,586656.0,,,None,,None
571,571,53033022902,"Census Tract 229.02, King County, Washington",Bellevue,5,33,,63.8,,105073,34,,591.0,533300,42,798,380,0.75,2010,575964.0,,,None,,None
572,572,53033023000,"Census Tract 230, King County, Washington",Bellevue,10,18,,64.7,,121736,17,,194.0,582000,0,44,424,0.69,2010,628560.0,,,None,,None
573,573,53033023100,"Census Tract 231, King County, Washington",Bellevue,11,27,,52.7,,74280,17,,94.0,477900,65,53,280,0.69,2010,516132.00000000006,,,None,,None
574,574,53033023201,"Census Tract 232.01, King County, Washington",Bellevue,12,40,,57.8,,73908,67,,893.0,416500,138,1798,252,0.41,2010,449820.00000000006,,,None,,None
575,575,53033023202,"Census Tract 232.02, King County, Washington",Bellevue,22,46,,36.7,,47159,69,,463.0,403600,221,1110,129,0.47,2010,435888.0,,,None,,None
576,576,53033023300,"Census Tract 233, King County, Washington",Bellevue,11,34,,43.6,,74488,22,,169.0,436800,30,175,554,0.67,2010,471744.00000000006,,,None,,None
577,577,53033023401,"Census Tract 234.01, King County, Washington",Bellevue,7,40,,50.5,,69375,42,,251.0,406600,128,362,295,0.63,2010,439128.0,,,None,,None
578,578,53033023403,"Census Tract 234.03, King County, Washington",Bellevue,8,35,,58.2,,103011,18,,243.0,501700,100,272,442,0.78,2010,541836.0,,,None,,None
579,579,53033023404,"Census Tract 234.04, King County, Washington",Bellevue,4,21,,70.3,,120682,7,,39.0,612300,0,133,336,0.88,2010,661284.0,,,None,,None
580,580,53033023500,"Census Tract 235, King County, Washington",Bellevue,5,36,,61.3,,88393,36,,313.0,578900,215,245,290,0.73,2010,625212.0,,,None,,None
581,581,53033023601,"Census Tract 236.01, King County, Washington",Bellevue,5,46,,55.5,,65093,46,,339.0,535400,46,904,145,0.63,2010,578232.0,,,None,,None
582,582,53033023603,"Census Tract 236.03, King County, Washington",Bellevue,18,48,,52.0,,57500,70,,883.0,481500,205,1519,167,0.43,2010,520020.00000000006,,,None,,None
583,583,53033023604,"Census Tract 236.04, King County, Washington",Bellevue,9,40,,49.5,,62692,65,,945.0,477700,302,1218,286,0.5,2010,515916.00000000006,,,None,,None
584,584,53033023700,"Census Tract 237, King County, Washington",Bellevue,5,39,,64.2,,89602,27,,241.0,676000,141,431,322,0.76,2010,730080.0,,,None,,None
585,585,53033023801,"Census Tract 238.01, King County, Washington",Bellevue,10,48,,57.3,,64302,59,,462.0,509500,38,685,98,0.75,2010,550260.0,,,None,,None
586,586,53033023803,"Census Tract 238.03, King County, Washington",Bellevue,8,64,,56.7,,86563,80,,577.0,445700,11,1824,12,0.59,2010,481356.00000000006,,,None,,None
587,587,53033023804,"Census Tract 238.04, King County, Washington",Bellevue,13,75,,71.7,,63056,76,,736.0,519800,0,2597,0,0.59,2010,561384.0,,,None,,None
588,588,53033023900,"Census Tract 239, King County, Washington",Bellevue,6,34,,65.9,,93698,32,,461.0,874700,71,920,562,0.84,2010,944676.0000000001,,,None,,None
589,589,53033024000,"Census Tract 240, King County, Washington",Bellevue,4,45,,65.1,,89781,39,,785.0,731200,226,1388,412,0.76,2010,789696.0,,,None,,None
597,597,53033024701,"Census Tract 247.01, King County, Washington",Bellevue,7,34,,60.1,,75257,25,,157.0,470100,12,477,244,0.61,2010,507708.00000000006,,,None,,None
600,600,53033024901,"Census Tract 249.01, King County, Washington",Bellevue,5,14,,70.2,,115824,8,,127.0,670900,0,27,606,0.58,2010,724572.0,,,None,,None
601,601,53033024902,"Census Tract 249.02, King County, Washington",Bellevue,6,13,,57.9,,98039,13,,33.0,601000,0,94,408,0.6,2010,649080.0,,,None,,None
602,602,53033024903,"Census Tract 249.03, King County, Washington",Bellevue,9,12,,77.2,,140370,6,,44.0,660300,0,0,676,0.52,2010,713124.0,,,None,,None
604,604,53033025003,"Census Tract 250.03, King County, Washington",Bellevue,6,23,,73.5,,127676,27,,444.0,789100,27,876,792,0.67,2010,852228.0,,,None,,None
606,606,53033025006,"Census Tract 250.06, King County, Washington",Bellevue,10,17,,77.1,,115135,33,,294.0,641700,86,429,288,0.66,2010,693036.0,,,None,,None
750,750,53033032103,"Census Tract 321.03, King County, Washington",Issaquah,8,51,,51.7,,56780,45,,385.0,383100,309,640,174,0.69,2010,413748.0,,,None,,None
751,751,53033032104,"Census Tract 321.04, King County, Washington",Issaquah,9,26,,51.6,,77083,35,,424.0,464200,220,887,411,0.76,2010,501336.00000000006,,,None,,None
752,752,53033032203,"Census Tract 322.03, King County, Washington",Sammamish,6,16,,63.8,,131949,5,,57.0,609700,10,78,782,0.8,2010,658476.0,,,None,,None
753,753,53033032207,"Census Tract 322.07, King County, Washington",Sammamish,7,15,,63.5,,133224,13,,42.0,632200,37,76,343,0.76,2010,682776.0,,,None,,None
754,754,53033032208,"Census Tract 322.08, King County, Washington",Issaquah,3,48,,58.5,,83220,41,,807.0,402000,375,1956,415,0.81,2010,434160.0,,,None,,None
755,755,53033032210,"Census Tract 322.10, King County, Washington",Issaquah,10,27,,63.2,,101558,17,,239.0,563400,86,523,593,0.66,2010,608472.0,,,None,,None
756,756,53033032211,"Census Tract 322.11, King County, Washington",Sammamish,5,19,,61.5,,106806,26,,260.0,558500,79,282,310,0.66,2010,603180.0,,,None,,None
758,758,53033032213,"Census Tract 322.13, King County, Washington",Sammamish,7,13,,68.3,,146923,4,,14.0,655700,57,163,374,0.81,2010,708156.0,,,None,,None
759,759,53033032214,"Census Tract 322.14, King County, Washington",Sammamish,8,11,,73.6,,140913,3,,38.0,584300,10,134,334,0.57,2010,631044.0,,,None,,None
760,760,53033032215,"Census Tract 322.15, King County, Washington",Issaquah,2,3,,75.8,,169250,0,,0.0,795500,0,0,384,0.68,2010,859140.0,,,None,,None
761,761,53033032307,"Census Tract 323.07, King County, Washington",Sammamish,3,19,,54.4,,113397,5,,57.0,508200,0,55,955,0.91,2010,548856.0,,,None,,None
762,762,53033032309,"Census Tract 323.09, King County, Washington",Redmond,12,55,,70.5,,91469,70,,825.0,422700,82,1507,166,0.56,2010,456516.00000000006,,,None,,None
763,763,53033032311,"Census Tract 323.11, King County, Washington",Sammamish,4,12,,53.1,,126713,10,,69.0,614600,0,34,858,0.86,2010,663768.0,,,None,,None
764,764,53033032313,"Census Tract 323.13, King County, Washington",Sammamish,8,47,,58.8,,85239,64,,1088.0,508700,209,1684,342,0.5,2010,549396.0,,,None,,None
765,765,53033032315,"Census Tract 323.15, King County, Washington",Issaquah,2,17,,56.2,,119068,9,,105.0,649700,0,0,839,0.87,2010,701676.0,,,None,,None
766,766,53033032316,"Census Tract 323.16, King County, Washington",Sammamish,4,14,,73.3,,143491,10,,133.0,686100,0,0,418,0.77,2010,740988.0,,,None,,None
767,767,53033032317,"Census Tract 323.17, King County, Washington",Sammamish,5,15,,68.1,,125750,17,,155.0,546000,0,262,474,0.78,2010,589680.0,,,None,,None
768,768,53033032318,"Census Tract 323.18, King County, Washington",Sammamish,4,16,,69.7,,122500,8,,50.0,564700,21,90,427,0.69,2010,609876.0,,,None,,None
770,770,53033032320,"Census Tract 323.20, King County, Washington",Redmond,4,9,,67.7,,136681,10,,83.0,663200,0,0,622,0.87,2010,716256.0,,,None,,None
773,773,53033032323,"Census Tract 323.23, King County, Washington",Redmond,8,28,,57.8,,92917,34,,358.0,498500,0,535,360,0.73,2010,538380.0,,,None,,None
774,774,53033032324,"Census Tract 323.24, King County, Washington",Redmond,9,37,,47.4,,83833,37,,405.0,426400,144,1012,278,0.69,2010,460512.00000000006,,,None,,None
775,775,53033032325,"Census Tract 323.25, King County, Washington",Redmond,6,50,,53.9,,64714,59,,725.0,405700,534,1146,239,0.6,2010,438156.0,,,None,,None
